tid,name,num,ts,grade,lng,lat,dist_km
3326569,科罗旺,2624,202609010000,TS,132,22.5,1420.9
3326569,科罗旺,2624,202609010300,TS,132.1,22.5,1428.8
3326569,科罗旺,2624,202609010600,TS,132.1,22.5,1428.8
3326569,科罗旺,2624,202609010900,TS,132.1,22.6,1422.5
3326569,科罗旺,2624,202609011200,TS,132.2,22.7,1424.2
3326569,科罗旺,2624,202609011500,TS,132.2,22.8,1418.0
3326569,科罗旺,2624,202609011800,TS,132.2,22.9,1411.9
3326569,科罗旺,2624,202609012100,TS,132.2,22.9,1411.9
3326569,科罗旺,2624,202609020000,TS,132.1,23,1397.8
3326569,科罗旺,2624,202609020300,TS,132,23.2,1377.6
3326569,科罗旺,2624,202609020600,TS,132,23.5,1360.0
3326569,科罗旺,2624,202609020900,TS,131.8,23.7,1332.1
3326569,科罗旺,2624,202609021200,TS,131.5,23.7,1307.4
3326569,科罗旺,2624,202609021500,TS,131.4,24,1282.0
3326569,科罗旺,2624,202609021800,TS,131.3,24.3,1257.0
3326569,科罗旺,2624,202609022100,TS,130.8,25,1177.7
3326569,科罗旺,2624,202609030000,TS,130.5,25.4,1131.9
3326569,科罗旺,2624,202609030300,TS,129.4,26.9,969.3
3326569,科罗旺,2624,202609030600,TS,129.1,27.1,934.7
3326569,科罗旺,2624,202609030900,TS,129.1,27.3,927.6
3326569,科罗旺,2624,202609031200,TS,129.1,27.6,917.9
3326569,科罗旺,2624,202609031500,TS,128.9,28.5,876.7
3326569,科罗旺,2624,202609031800,TS,128.3,29,811.4
3326569,科罗旺,2624,202609032100,TS,128.1,29.2,789.9
3326569,科罗旺,2624,202609040000,TS,128,29.5,777.9
3326569,科罗旺,2624,202609040300,TS,128,29.7,777.0
3326569,科罗旺,2624,202609040600,TS,127.4,29.8,719.1
3326569,科罗旺,2624,202609040900,TS,127.2,29.2,703.7
3326569,科罗旺,2624,202609041200,TS,127.4,28.8,728.8
3326569,科罗旺,2624,202609041500,TS,127.4,28.6,732.7
3326569,科罗旺,2624,202609041800,TS,127.1,28.4,709.2
3326569,科罗旺,2624,202609042100,TS,126.5,28.1,662.2
3326569,科罗旺,2624,202609050000,TS,127.2,27.9,733.1
3326569,科罗旺,2624,202609050300,TS,127.2,27.5,747.6
3326569,科罗旺,2624,202609050600,TS,127.2,26.8,778.3
3326569,科罗旺,2624,202609050900,TS,127.7,26,862.5
3326569,科罗旺,2624,202609051200,TS,128.1,25.8,906.9
3326569,科罗旺,2624,202609051500,TS,128.4,25.5,948.7
3326569,科罗旺,2624,202609051800,TS,128.5,25.5,957.0
3326569,科罗旺,2624,202609052100,TS,129.3,25.4,1029.4
3326569,科罗旺,2624,202609060000,TS,129.5,25.6,1035.9
3326569,科罗旺,2624,202609060300,TS,129.6,25.7,1039.5
3326569,科罗旺,2624,202609060600,TS,130.2,25.7,1091.5
3326569,科罗旺,2624,202609060900,TS,130.7,25.7,1135.3
3326569,科罗旺,2624,202609061200,TS,130.9,25.8,1148.5
3326569,科罗旺,2624,202609061500,TS,131.1,25.8,1166.2
3326569,科罗旺,2624,202609061800,TS,131.5,26,1193.6
3326569,科罗旺,2624,202609062100,TS,131.7,26.2,1203.9
3326569,科罗旺,2624,202609070000,TD,132.1,26.5,1229.7
3322248,班朗,2623,202608280600,TS,165.9,19.4,4574.9
3322248,班朗,2623,202608280900,TS,165.7,19.6,4550.7
3322248,班朗,2623,202608281200,TS,165.8,19.8,4554.5
3322248,班朗,2623,202608281500,TS,166.5,20,4614.5
3322248,班朗,2623,202608281800,TS,166.8,20.6,4627.3
3322248,班朗,2623,202608282100,STS,167.3,21.3,4657.8
3322248,班朗,2623,202608290000,STS,167.8,22.1,4687.7
3322248,班朗,2623,202608290300,TY,168.2,23,4708.4
3322248,班朗,2623,202608290600,TY,168.3,23.8,4704.3
3322248,班朗,2623,202608290900,TY,168.4,24.5,4703.4
3322248,班朗,2623,202608291200,TY,168.5,25.1,4705.0
3322248,班朗,2623,202608291500,STS,168.7,26.2,4712.0
3322248,班朗,2623,202608291800,STS,168.6,27.9,4689.8
3322248,班朗,2623,202608292100,TS,168.3,29.2,4656.4
3322248,班朗,2623,202608300000,TS,168.1,30.4,4637.0
3322248,班朗,2623,202608300300,TS,168,31.4,4630.1
3322248,班朗,2623,202608300600,TS,167.7,32.8,4609.6
3322248,班朗,2623,202608300900,TS,167.3,33.7,4579.4
3322248,班朗,2623,202608301200,TS,166.7,34.2,4527.4
3322248,班朗,2623,202608301500,TS,166.2,34.9,4488.6
3322248,班朗,2623,202608301800,TS,165.4,35.7,4424.3
3322248,班朗,2623,202608302100,TS,165.4,36.2,4432.7
3319901,艾涛,2622,202608270600,TS,168.3,21.4,4749.8
3319901,艾涛,2622,202608270900,TS,168.5,21.9,4758.0
3319901,艾涛,2622,202608271200,TS,168.3,22.1,4735.0
3319901,艾涛,2622,202608271500,TS,168.1,22.4,4710.1
3319901,艾涛,2622,202608271800,TS,168.2,22.7,4713.9
3319901,艾涛,2622,202608272100,TS,168,23.2,4685.8
3319901,艾涛,2622,202608280000,TS,168.3,23.8,4704.3
3319901,艾涛,2622,202608280300,TS,167.5,24.3,4620.4
3319901,艾涛,2622,202608280600,TS,166.8,24.6,4549.2
3319901,艾涛,2622,202608280900,TS,166.6,24.8,4527.3
3319901,艾涛,2622,202608281200,TS,166.5,25.1,4513.7
3319901,艾涛,2622,202608281500,TS,166.5,25.7,4506.4
3319901,艾涛,2622,202608281800,TS,166.5,26.3,4500.1
3319901,艾涛,2622,202608282100,TS,166,26.3,4452.1
3319901,艾涛,2622,202608290000,TS,165.8,26.2,4433.9
3319901,艾涛,2622,202608290300,TS,165.9,27,4436.3
3319901,艾涛,2622,202608290600,TS,165.5,28,4391.2
3319901,艾涛,2622,202608290900,TS,165.7,29.1,4406.4
3319901,艾涛,2622,202608291200,TS,165.5,29.8,4386.3
3319901,艾涛,2622,202608291500,TS,165,30.5,4338.8
3319901,艾涛,2622,202608291800,TS,165,30.6,4338.9
3319901,艾涛,2622,202608292100,TS,164.9,30.9,4330.1
3319901,艾涛,2622,202608300000,TS,164.6,31.1,4301.9
3319901,艾涛,2622,202608300300,TS,164.8,30.9,4320.5
3319901,艾涛,2622,202608300600,TS,165.1,30.9,4349.3
3319901,艾涛,2622,202608300900,TS,165.3,31,4368.9
3319901,艾涛,2622,202608301200,TS,165.8,31.1,4417.3
3319901,艾涛,2622,202608301500,TS,166.3,31.3,4466.1
3319901,艾涛,2622,202608301800,TS,166.9,31.7,4525.6
3314447,艾莎尼,2621,202608240000,TS,137.2,15.2,2327.0
3314447,艾莎尼,2621,202608240300,TS,137.5,15.4,2332.4
3314447,艾莎尼,2621,202608240600,TS,138.1,16,2330.0
3314447,艾莎尼,2621,202608240900,TS,138,16.3,2300.9
3314447,艾莎尼,2621,202608241200,TS,138,16.7,2272.1
3314447,艾莎尼,2621,202608241500,TS,138,17.1,2243.8
3314447,艾莎尼,2621,202608241800,TS,138,17.6,2209.1
3308554,简拉维,2620,202608220000,TD,124.9,25.4,689.2
3308554,简拉维,2620,202608220300,TD,124.7,25.9,636.4
3308554,简拉维,2620,202608220600,TS,124.5,26.2,599.5
3308554,简拉维,2620,202608220700,TS,124.4,26.3,584.9
3308554,简拉维,2620,202608220800,TS,124.3,26.3,577.9
3308554,简拉维,2620,202608220900,TS,124.3,26.3,577.9
3308554,简拉维,2620,202608221000,TS,124.2,26.3,570.9
3308554,简拉维,2620,202608221100,TS,124.1,26.3,564.0
3308554,简拉维,2620,202608221200,TS,124,26.3,557.2
3308554,简拉维,2620,202608221300,TS,123.8,26.2,552.0
3308554,简拉维,2620,202608221400,TS,123.6,26.2,539.2
3308554,简拉维,2620,202608221500,TS,123.4,26.1,535.4
3308554,简拉维,2620,202608221600,TS,123.2,26,532.5
3308554,简拉维,2620,202608221700,TS,123,25.9,530.6
3308554,简拉维,2620,202608221800,TS,122.8,25.9,520.1
3308554,简拉维,2620,202608221900,TS,122.7,25.9,515.1
3308554,简拉维,2620,202608222000,TS,122.6,25.9,510.1
3308554,简拉维,2620,202608222100,TS,122.4,25.8,510.5
3308554,简拉维,2620,202608222200,TS,122.3,25.8,506.1
3308554,简拉维,2620,202608222300,TS,122.3,25.8,506.1
3308554,简拉维,2620,202608230000,TS,122.3,25.8,506.1
3308554,简拉维,2620,202608230100,TS,122.3,25.8,506.1
3308554,简拉维,2620,202608230200,TS,122.3,25.8,506.1
3308554,简拉维,2620,202608230300,TS,122.2,25.8,501.8
3308554,简拉维,2620,202608230400,TS,122.2,25.7,511.8
3308554,简拉维,2620,202608230500,TS,122.1,25.7,507.8
3308554,简拉维,2620,202608230600,TS,122.1,25.7,507.8
3308554,简拉维,2620,202608230700,TS,122,25.7,503.9
3308554,简拉维,2620,202608230800,TS,121.9,25.6,510.5
3308554,简拉维,2620,202608230900,TS,121.2,25.4,511.0
3308554,简拉维,2620,202608231000,TS,121.2,25.4,511.0
3308554,简拉维,2620,202608231100,TS,121,25.3,517.6
3308554,简拉维,2620,202608231200,TS,120.6,25.2,522.4
3308554,简拉维,2620,202608231300,TS,120.2,24.7,574.5
3308554,简拉维,2620,202608231400,TS,120,24.5,596.1
3308554,简拉维,2620,202608231500,TD,119.9,24.3,618.3
3308554,简拉维,2620,202608231800,TD,119.3,24,654.4
3308554,简拉维,2620,202608232100,TD,119.1,24,656.4
3308554,简拉维,2620,202608240000,TD,118.9,24.4,615.2
3308554,简拉维,2620,202608240300,TS,118.9,24.7,582.4
3308554,简拉维,2620,202608240400,TS,118.9,24.8,571.4
3308554,简拉维,2620,202608240500,TS,118.8,24.9,562.3
3308554,简拉维,2620,202608240600,TS,118.9,25.1,538.7
3308554,简拉维,2620,202608240700,TD,118.8,25.2,529.7
3308554,简拉维,2620,202608240900,TD,118.7,25.3,520.9
3304364,紫檀,2619,202608190900,TD,113.4,19.6,1301.8
3304364,紫檀,2619,202608191200,TD,113.4,19.6,1301.8
3304364,紫檀,2619,202608191500,TD,111.9,19.6,1377.3
3304364,紫檀,2619,202608191800,TD,111.9,19.6,1377.3
3304364,紫檀,2619,202608192100,TD,111.4,19.6,1404.9
3304364,紫檀,2619,202608200000,TD,109.9,19.4,1510.9
3304364,紫檀,2619,202608200300,TD,109.9,19.5,1502.3
3304364,紫檀,2619,202608200600,TD,109.7,19.5,1514.8
3304364,紫檀,2619,202608200900,TD,109.5,19.7,1510.7
3304364,紫檀,2619,202608201200,TD,109.2,19.7,1530.0
3304364,紫檀,2619,202608201500,TD,109,19.8,1535.0
3304364,紫檀,2619,202608201800,TD,108.7,19.9,1547.0
3304364,紫檀,2619,202608202100,TD,108.4,20.3,1536.3
3304364,紫檀,2619,202608210000,TD,108.4,20.4,1528.6
3304364,紫檀,2619,202608210300,TD,108.4,20.5,1521.0
3304364,紫檀,2619,202608210600,TD,108.4,20.6,1513.4
3304364,紫檀,2619,202608210900,TS,108.4,20.6,1513.4
3304364,紫檀,2619,202608211000,TS,108.3,20.6,1520.5
3304364,紫檀,2619,202608211100,TS,108.4,20.7,1505.9
3304364,紫檀,2619,202608211200,TS,108.6,20.8,1484.2
3304364,紫檀,2619,202608211300,TS,108.7,20.9,1469.6
3304364,紫檀,2619,202608211400,TS,108.6,21,1469.3
3304364,紫檀,2619,202608211500,TS,108.7,21,1462.1
3304364,紫檀,2619,202608211600,TS,108.7,21,1462.1
3304364,紫檀,2619,202608211700,TS,108.7,21.1,1454.7
3304364,紫檀,2619,202608211800,TS,108.7,21.3,1439.9
3304364,紫檀,2619,202608211900,TS,108.6,21.4,1439.9
3304364,紫檀,2619,202608212000,TS,108.4,21.4,1454.5
3304364,紫檀,2619,202608212100,TS,108.4,21.4,1454.5
3304364,紫檀,2619,202608212200,TS,108.2,21.4,1469.3
3304364,紫檀,2619,202608212300,TS,108.2,21.4,1469.3
3304364,紫檀,2619,202608220000,TS,108.1,21.3,1483.8
3304364,紫檀,2619,202608220100,TS,108,21.3,1491.2
3304364,紫檀,2619,202608220200,TS,108,21.3,1491.2
3304364,紫檀,2619,202608220300,TS,108,21.2,1498.3
3304364,紫檀,2619,202608220400,TS,108,21.2,1498.3
3304364,紫檀,2619,202608220500,TS,108.1,21.2,1490.9
3304364,紫檀,2619,202608220600,TS,108.3,21.2,1476.2
3304364,紫檀,2619,202608220700,TS,108.4,21.2,1469.0
3304364,紫檀,2619,202608220800,TS,108.4,21.2,1469.0
3304364,紫檀,2619,202608220900,TS,108.4,21.2,1469.0
3304364,紫檀,2619,202608221000,TS,108.4,21.1,1476.3
3304364,紫檀,2619,202608221100,TS,108.4,21.1,1476.3
3304364,紫檀,2619,202608221200,TS,108.3,21.1,1483.5
3304364,紫檀,2619,202608221300,TS,108.3,21.1,1483.5
3304364,紫檀,2619,202608221400,TS,108.2,21.1,1490.8
3304364,紫檀,2619,202608221500,TS,108.2,21.1,1490.8
3304364,紫檀,2619,202608221600,TS,108.1,21.1,1498.1
3304364,紫檀,2619,202608221700,TS,108,21,1512.6
3304364,紫檀,2619,202608221800,TS,107.9,20.9,1527.2
3304364,紫檀,2619,202608221900,TS,107.9,20.9,1527.2
3304364,紫檀,2619,202608222000,TS,107.9,20.8,1534.4
3304364,紫檀,2619,202608222100,TS,107.8,20.7,1549.0
3304364,紫檀,2619,202608222200,TS,107.8,20.7,1549.0
3304364,紫檀,2619,202608222300,TS,107.8,20.7,1549.0
3304364,紫檀,2619,202608230000,TS,107.8,20.7,1549.0
3304364,紫檀,2619,202608230100,TS,107.8,20.7,1549.0
3304364,紫檀,2619,202608230200,TS,107.9,20.7,1541.7
3304364,紫檀,2619,202608230300,TS,108,20.7,1534.5
3304364,紫檀,2619,202608230400,TS,108.1,20.7,1527.3
3304364,紫檀,2619,202608230500,TS,108.1,20.7,1527.3
3304364,紫檀,2619,202608230600,TS,108.2,20.7,1520.1
3304364,紫檀,2619,202608230700,TS,108.3,20.7,1513.0
3304364,紫檀,2619,202608230800,TS,108.3,20.7,1513.0
3304364,紫檀,2619,202608230900,TS,108.1,20.6,1534.7
3304364,紫檀,2619,202608231000,TS,108,20.6,1541.9
3304364,紫檀,2619,202608231100,TS,107.9,20.6,1549.1
3304364,紫檀,2619,202608231200,TS,108.1,20.8,1519.9
3304364,紫檀,2619,202608231300,TS,108.1,20.6,1534.7
3304364,紫檀,2619,202608231400,TS,108.1,20.6,1534.7
3304364,紫檀,2619,202608231500,TS,108.1,20.5,1542.2
3304364,紫檀,2619,202608231600,TS,108.1,20.5,1542.2
3304364,紫檀,2619,202608231700,TS,108.1,20.4,1549.7
3304364,紫檀,2619,202608231800,TS,108,20.4,1556.8
3304364,紫檀,2619,202608231900,TS,107.9,20.5,1556.5
3304364,紫檀,2619,202608232000,TS,107.8,20.6,1556.3
3304364,紫檀,2619,202608232100,TS,107.7,20.5,1570.8
3304364,紫檀,2619,202608232200,TS,107.7,20.5,1570.8
3304364,紫檀,2619,202608232300,TS,107.7,20.5,1570.8
3304364,紫檀,2619,202608240000,TS,107.6,20.5,1578.1
3304364,紫檀,2619,202608240100,TS,107.6,20.5,1578.1
3304364,紫檀,2619,202608240200,TS,107.6,20.4,1585.4
3304364,紫檀,2619,202608240300,TS,107.6,20.3,1592.8
3304364,紫檀,2619,202608240400,TS,107.6,20.2,1600.2
3304364,紫檀,2619,202608240500,TS,107.5,20.2,1607.4
3304364,紫檀,2619,202608240600,TS,107.4,20,1629.4
3304364,紫檀,2619,202608240700,TS,107.3,19.9,1644.0
3304364,紫檀,2619,202608240800,TS,107.3,19.9,1644.0
3304364,紫檀,2619,202608240900,TS,107.3,19.8,1651.5
3304364,紫檀,2619,202608241000,TS,107.3,19.7,1659.0
3304364,紫檀,2619,202608241100,TS,107.3,19.7,1659.0
3304364,紫檀,2619,202608241200,TS,107.4,19.6,1659.6
3304364,紫檀,2619,202608241300,TS,107.5,19.6,1652.6
3304364,紫檀,2619,202608241400,TS,107.6,19.7,1638.0
3304364,紫檀,2619,202608241500,TS,107.7,19.7,1631.0
3304364,紫檀,2619,202608241600,TS,107.7,19.7,1631.0
3304364,紫檀,2619,202608241700,TS,107.7,19.8,1623.3
3304364,紫檀,2619,202608241800,TS,107.8,19.8,1616.4
3304364,紫檀,2619,202608241900,TS,107.9,19.7,1617.2
3304364,紫檀,2619,202608242000,TS,107.9,19.6,1624.9
3304364,紫檀,2619,202608242100,TS,108,19.5,1625.9
3304364,紫檀,2619,202608242200,TS,108,19.5,1625.9
3304364,紫檀,2619,202608242300,TS,108,19.5,1625.9
3304364,紫檀,2619,202608250000,TS,108,19.4,1633.8
3304364,紫檀,2619,202608250100,TS,108.1,19.4,1627.0
3304364,紫檀,2619,202608250200,TS,108.1,19.4,1627.0
3304364,紫檀,2619,202608250300,TS,108.1,19.4,1627.0
3304364,紫檀,2619,202608250400,TS,108.2,19.3,1628.3
3304364,紫檀,2619,202608250500,TS,108.2,19.3,1628.3
3304364,紫檀,2619,202608250600,TS,108.3,19.3,1621.6
3304364,紫檀,2619,202608250700,TS,108.3,19.3,1621.6
3304364,紫檀,2619,202608250800,TS,108.4,19.4,1607.0
3304364,紫檀,2619,202608250900,TS,108.5,19.4,1600.3
3304364,紫檀,2619,202608251000,TS,108.6,19.4,1593.7
3304364,紫檀,2619,202608251100,TS,108.8,19.4,1580.6
3304364,紫檀,2619,202608251200,TS,109,19.5,1559.4
3304364,紫檀,2619,202608251300,TS,109.2,19.6,1538.3
3304364,紫檀,2619,202608251400,TS,109.3,19.7,1523.6
3304364,紫檀,2619,202608251500,TS,109.5,19.8,1502.4
3304364,紫檀,2619,202608251600,TS,109.7,19.8,1489.6
3304364,紫檀,2619,202608251700,TS,109.7,19.9,1481.3
3304364,紫檀,2619,202608251800,TS,109.7,20.1,1464.8
3304364,紫檀,2619,202608251900,TS,109.8,20.2,1450.1
3304364,紫檀,2619,202608252000,TS,110.2,20.3,1416.2
3304364,紫檀,2619,202608252100,TD,110.3,20.4,1401.5
3304364,紫檀,2619,202608260000,TD,110.7,20.9,1334.4
3304364,紫檀,2619,202608260300,TD,110.7,21.4,1293.5
3304099,沙德尔,2618,202608190300,TS,153.9,8.2,4059.2
3304099,沙德尔,2618,202608190600,TS,153.8,8.4,4038.3
3304099,沙德尔,2618,202608190900,TS,153.7,8.7,4011.0
3304099,沙德尔,2618,202608191200,TS,153.2,8.8,3965.5
3304099,沙德尔,2618,202608191500,TS,152.5,9.5,3865.3
3304099,沙德尔,2618,202608191800,TS,152.3,10.5,3785.6
3304099,沙德尔,2618,202608192100,TS,152.3,10.6,3779.3
3304099,沙德尔,2618,202608200000,TS,151.9,11.2,3710.0
3304099,沙德尔,2618,202608200300,TS,151.5,11.8,3641.0
3304099,沙德尔,2618,202608200600,TS,151,12,3588.6
3304099,沙德尔,2618,202608200900,TS,150.8,12.5,3542.1
3304099,沙德尔,2618,202608201200,TS,150.5,12.8,3499.8
3304099,沙德尔,2618,202608201500,TS,150.2,13.1,3457.5
3304099,沙德尔,2618,202608201800,TS,149.7,13.7,3381.2
3304099,沙德尔,2618,202608202100,TS,149.5,14,3347.3
3304099,沙德尔,2618,202608210000,STS,149.3,14.2,3319.2
3304099,沙德尔,2618,202608210300,STS,149.1,14.5,3285.4
3304099,沙德尔,2618,202608210600,STS,148.7,14.9,3229.5
3304099,沙德尔,2618,202608210900,STS,148.5,15.4,3184.7
3304099,沙德尔,2618,202608211200,STS,148.3,15.9,3140.3
3304099,沙德尔,2618,202608211500,TY,148,16.3,3093.4
3304099,沙德尔,2618,202608211800,TY,147.8,16.9,3044.5
3304099,沙德尔,2618,202608212100,TY,147.5,17.7,2977.8
3304099,沙德尔,2618,202608220000,TY,146.8,18,2902.6
3304099,沙德尔,2618,202608220300,TY,146.1,18.3,2827.5
3304099,沙德尔,2618,202608220600,TY,146.1,18.5,2817.5
3304099,沙德尔,2618,202608220900,STY,145.7,19.2,2748.7
3304099,沙德尔,2618,202608221200,STY,145.2,19.6,2686.2
3304099,沙德尔,2618,202608221500,STY,144.4,20,2597.7
3304099,沙德尔,2618,202608221800,SuperTY,143.9,20.4,2535.4
3304099,沙德尔,2618,202608222100,SuperTY,143,20.8,2438.2
3304099,沙德尔,2618,202608230000,SuperTY,142.5,21,2385.2
3304099,沙德尔,2618,202608230300,SuperTY,141.9,21.6,2305.4
3304099,沙德尔,2618,202608230600,SuperTY,141.1,21.9,2221.5
3304099,沙德尔,2618,202608230900,SuperTY,140.4,22.3,2142.0
3304099,沙德尔,2618,202608231200,SuperTY,139.6,22.6,2058.1
3304099,沙德尔,2618,202608231500,SuperTY,138.8,22.8,1978.6
3304099,沙德尔,2618,202608231800,SuperTY,137.9,23.3,1877.1
3304099,沙德尔,2618,202608232100,SuperTY,137.3,23.5,1815.3
3304099,沙德尔,2618,202608240000,SuperTY,136.5,23.9,1727.1
3304099,沙德尔,2618,202608240300,SuperTY,135.6,24.1,1638.7
3304099,沙德尔,2618,202608240600,SuperTY,134.9,24.5,1559.4
3304099,沙德尔,2618,202608240900,SuperTY,134.1,24.7,1479.7
3304099,沙德尔,2618,202608241200,SuperTY,133.4,25,1404.7
3304099,沙德尔,2618,202608241500,SuperTY,132.9,25.2,1351.8
3304099,沙德尔,2618,202608241800,SuperTY,132.3,25.5,1285.7
3304099,沙德尔,2618,202608242100,STY,131.7,25.8,1219.7
3304099,沙德尔,2618,202608250000,STY,131.2,26,1166.7
3304099,沙德尔,2618,202608250300,STY,130.6,26.4,1096.9
3304099,沙德尔,2618,202608250600,STY,130.1,26.7,1040.2
3304099,沙德尔,2618,202608250900,STY,129.7,27,992.9
3304099,沙德尔,2618,202608251200,STY,129.1,27.2,931.1
3304099,沙德尔,2618,202608251500,STY,128.5,27.3,872.8
3304099,沙德尔,2618,202608251800,STY,128.1,27.4,832.8
3304099,沙德尔,2618,202608252100,STY,127.7,27.7,785.7
3304099,沙德尔,2618,202608260000,STY,127.3,27.7,749.2
3304099,沙德尔,2618,202608260300,STY,127.1,28.1,717.6
3304099,沙德尔,2618,202608260500,STY,126.8,28.3,683.8
3304099,沙德尔,2618,202608260600,STY,126.6,28.4,662.4
3304099,沙德尔,2618,202608260700,STY,126.5,28.4,653.1
3304099,沙德尔,2618,202608260800,STY,126.4,28.4,643.8
3304099,沙德尔,2618,202608260900,STY,126.4,28.4,643.8
3304099,沙德尔,2618,202608261000,STY,126.3,28.5,631.7
3304099,沙德尔,2618,202608261100,STY,126.2,28.6,619.8
3304099,沙德尔,2618,202608261200,STY,126,28.6,601.0
3304099,沙德尔,2618,202608261300,STY,126,28.6,601.0
3304099,沙德尔,2618,202608261400,STY,125.8,28.6,582.3
3304099,沙德尔,2618,202608261500,STY,125.6,28.6,563.7
3304099,沙德尔,2618,202608261600,STY,125.5,28.7,551.6
3304099,沙德尔,2618,202608261700,STY,125.3,28.7,533.0
3304099,沙德尔,2618,202608261800,TY,125.2,28.7,523.6
3304099,沙德尔,2618,202608261900,TY,125.1,28.6,517.2
3304099,沙德尔,2618,202608262000,TY,125.1,28.6,517.2
3304099,沙德尔,2618,202608262100,TY,125.1,28.6,517.2
3304099,沙德尔,2618,202608262200,TY,125,28.5,511.2
3304099,沙德尔,2618,202608262300,TY,125,28.5,511.2
3304099,沙德尔,2618,202608270000,TY,124.9,28.5,502.0
3304099,沙德尔,2618,202608270100,TY,124.8,28.6,489.5
3304099,沙德尔,2618,202608270200,TY,124.7,28.6,480.3
3304099,沙德尔,2618,202608270300,TY,124.6,28.6,471.1
3304099,沙德尔,2618,202608270400,STY,124.5,28.6,461.9
3304099,沙德尔,2618,202608270500,STY,124.3,28.6,443.6
3304099,沙德尔,2618,202608270600,STY,124.2,28.5,438.2
3304099,沙德尔,2618,202608270700,STY,124.1,28.5,429.2
3304099,沙德尔,2618,202608270800,STY,124,28.5,420.2
3304099,沙德尔,2618,202608270900,STY,123.9,28.5,411.3
3304099,沙德尔,2618,202608271000,STY,123.8,28.3,411.3
3304099,沙德尔,2618,202608271100,STY,123.6,28.3,393.9
3304099,沙德尔,2618,202608271200,STY,123.5,28.3,385.3
3304099,沙德尔,2618,202608271300,STY,123.5,28.1,395.8
3304099,沙德尔,2618,202608271400,STY,123.3,28,385.1
3304099,沙德尔,2618,202608271500,STY,123.2,28,377.0
3304099,沙德尔,2618,202608271600,STY,123.1,28,369.0
3304099,沙德尔,2618,202608271700,STY,122.9,28,353.3
3304099,沙德尔,2618,202608271800,STY,122.8,28.1,339.0
3304099,沙德尔,2618,202608271900,STY,122.6,28.1,323.5
3304099,沙德尔,2618,202608272000,STY,122.3,28.1,301.1
3304099,沙德尔,2618,202608272100,STY,122,28.1,279.8
3304099,沙德尔,2618,202608272200,STY,121.8,28.2,258.4
3304099,沙德尔,2618,202608272300,STY,121.5,28.2,239.2
3304099,沙德尔,2618,202608280000,TY,121.3,28.1,236.6
3304099,沙德尔,2618,202608280100,TY,121,28,231.7
3304099,沙德尔,2618,202608280200,STS,120.7,27.8,241.4
3304099,沙德尔,2618,202608280300,STS,120.5,27.7,247.0
3304099,沙德尔,2618,202608280400,STS,120.3,27.6,254.5
3304099,沙德尔,2618,202608280500,STS,120.1,27.5,263.6
3304099,沙德尔,2618,202608280600,STS,120.1,27.5,263.6
3304099,沙德尔,2618,202608280700,STS,119.9,27.4,274.2
3304099,沙德尔,2618,202608280800,TS,119.7,27.3,286.1
3304099,沙德尔,2618,202608280900,TS,119.3,27.3,291.6
3304099,沙德尔,2618,202608281000,TS,119,27.3,299.0
3304099,沙德尔,2618,202608281100,TS,118.7,27.3,308.9
3304099,沙德尔,2618,202608281200,TS,118.4,27.3,321.0
3304099,沙德尔,2618,202608281300,TS,118.1,27.3,335.3
3304099,沙德尔,2618,202608281400,TS,117.8,27.3,351.3
3304099,沙德尔,2618,202608281500,TD,117.6,27.3,362.9
3304099,沙德尔,2618,202608281600,TD,117.1,26.9,427.6
3304099,沙德尔,2618,202608281800,TD,117.1,26.9,427.6
3304099,沙德尔,2618,202608282100,TD,116.3,27.1,465.4
3304099,沙德尔,2618,202608290000,TD,115.7,27,517.0
3304099,沙德尔,2618,202608290300,TD,115.3,26.9,554.3
3304099,沙德尔,2618,202608290600,TD,115.1,26.8,576.4
3304099,沙德尔,2618,202608290900,TD,114.6,26.9,609.8
3304099,沙德尔,2618,202608291200,TD,113.6,26.6,709.2
3304099,沙德尔,2618,202608291500,TD,112.9,26.1,795.6
3304099,沙德尔,2618,202608291800,TD,112.3,25.6,874.1
3304099,沙德尔,2618,202608292100,TD,112,24.7,955.0
3304099,沙德尔,2618,202608300000,TD,111.8,24.4,990.5
3304099,沙德尔,2618,202608300300,TD,111.6,24,1033.2
3304099,沙德尔,2618,202608300600,TD,111.4,23.6,1076.3
3304099,沙德尔,2618,202608310900,TD,110.6,18.9,1513.0
3304099,沙德尔,2618,202608311200,TD,111.7,19.5,1397.3
3304099,沙德尔,2618,202608311500,TD,112.3,19.5,1365.4
3304099,沙德尔,2618,202608311800,TS,112.4,19.2,1388.5
3304099,沙德尔,2618,202608311900,TS,112.6,19.2,1378.6
3304099,沙德尔,2618,202608312000,TS,112.8,19.2,1368.8
3304099,沙德尔,2618,202608312100,TS,112.8,19.2,1368.8
3304099,沙德尔,2618,202608312200,TS,112.8,19.2,1368.8
3304099,沙德尔,2618,202608312300,TS,112.9,19.3,1354.4
3304099,沙德尔,2618,202609010000,TS,113,19.4,1340.0
3304099,沙德尔,2618,202609010100,TS,113.3,19.4,1325.9
3304099,沙德尔,2618,202609010200,TS,113.8,19.7,1273.8
3304099,沙德尔,2618,202609010300,TS,113.9,19.8,1259.5
3304099,沙德尔,2618,202609010400,TS,114,19.9,1245.2
3304099,沙德尔,2618,202609010500,TS,114.2,19.9,1236.5
3304099,沙德尔,2618,202609010600,TS,114.4,19.9,1228.0
3304099,沙德尔,2618,202609010700,TS,114.6,20,1209.7
3304099,沙德尔,2618,202609010800,TS,114.8,20.1,1191.6
3304099,沙德尔,2618,202609010900,TS,115.1,20.2,1169.7
3304099,沙德尔,2618,202609011000,TS,115.3,20.3,1152.0
3304099,沙德尔,2618,202609011100,TS,115.4,20.4,1138.0
3304099,沙德尔,2618,202609011200,TS,115.9,20.8,1078.9
3304099,沙德尔,2618,202609011300,TS,116,20.9,1065.1
3304099,沙德尔,2618,202609011400,TS,116.1,21,1051.3
3304099,沙德尔,2618,202609011500,TS,116.2,21.1,1037.6
3304099,沙德尔,2618,202609011600,TS,116.3,21.2,1023.8
3304099,沙德尔,2618,202609011700,TS,116.3,21.2,1023.8
3304099,沙德尔,2618,202609011800,TS,116.5,21.3,1006.9
3304099,沙德尔,2618,202609011900,TS,116.6,21.5,982.8
3304099,沙德尔,2618,202609012000,TS,116.8,21.7,955.6
3304099,沙德尔,2618,202609012100,TS,116.8,21.7,955.6
3304099,沙德尔,2618,202609012200,TS,116.9,21.8,942.1
3304099,沙德尔,2618,202609012300,TS,116.9,21.8,942.1
3304099,沙德尔,2618,202609020000,TS,117,21.9,928.5
3304099,沙德尔,2618,202609020100,TS,117.1,22,915.1
3304099,沙德尔,2618,202609020200,TS,117.1,22,915.1
3304099,沙德尔,2618,202609020300,TS,117.1,22.1,904.5
3304099,沙德尔,2618,202609020400,TS,117.1,22.1,904.5
3304099,沙德尔,2618,202609020500,TS,117.2,22.1,901.6
3304099,沙德尔,2618,202609020600,TS,117.4,22.1,896.2
3304099,沙德尔,2618,202609020700,TS,117.5,22.1,893.6
3304099,沙德尔,2618,202609020800,TS,117.7,22.2,878.0
3304099,沙德尔,2618,202609020900,TS,117.8,22.3,864.9
3304099,沙德尔,2618,202609021000,TS,117.8,22.4,854.1
3304099,沙德尔,2618,202609021100,TS,117.8,22.5,843.4
3304099,沙德尔,2618,202609021200,TS,117.8,22.6,832.6
3304099,沙德尔,2618,202609021300,TS,117.9,22.8,808.7
3304099,沙德尔,2618,202609021400,TS,118,22.9,795.7
3304099,沙德尔,2618,202609021500,TS,118.1,22.9,793.5
3304099,沙德尔,2618,202609021600,TS,118.2,23,780.5
3304099,沙德尔,2618,202609021700,TS,118.3,23.1,767.7
3304099,沙德尔,2618,202609021800,TS,118.3,23.2,756.8
3304099,沙德尔,2618,202609021900,TS,118.2,23.3,748.0
3304099,沙德尔,2618,202609022000,TS,118,23.5,731.1
3304099,沙德尔,2618,202609022100,STS,117.8,23.7,714.9
3304099,沙德尔,2618,202609022200,STS,117.7,23.8,707.1
3304099,沙德尔,2618,202609022300,TS,117.6,23.9,699.6
3304099,沙德尔,2618,202609030000,TS,117.4,23.9,706.0
3304099,沙德尔,2618,202609030100,TS,117.3,23.9,709.4
3304099,沙德尔,2618,202609030200,TS,117.1,24.1,696.0
3304099,沙德尔,2618,202609030300,TS,116.9,24.2,693.7
3304099,沙德尔,2618,202609030400,TS,116.7,24.2,702.0
3304099,沙德尔,2618,202609030500,TS,116.6,24.2,706.3
3304099,沙德尔,2618,202609030600,TD,116.3,24.4,700.5
3302529,浪卡,2617,202608120000,TS,141.7,21.8,2278.9
3302529,浪卡,2617,202608120300,TS,142.3,21.5,2345.1
3302529,浪卡,2617,202608120600,TS,143.5,22.3,2419.3
3302529,浪卡,2617,202608120900,TS,144.6,22.8,2500.9
3302529,浪卡,2617,202608121200,TS,145.3,22.9,2561.6
3302529,浪卡,2617,202608121500,TS,146.1,23.6,2613.4
3302529,浪卡,2617,202608121800,TS,147,24.8,2665.7
3302529,浪卡,2617,202608122100,TS,148,25.8,2739.4
3302529,浪卡,2617,202608130000,TS,148.5,26.5,2775.3
3302529,浪卡,2617,202608130300,TS,148.9,26.9,2807.9
3302529,浪卡,2617,202608130600,TS,149.6,27.6,2867.0
3302529,浪卡,2617,202608130900,TS,150.1,27.9,2912.2
3302529,浪卡,2617,202608131200,TS,150.7,28.3,2966.9
3302529,浪卡,2617,202608131500,TS,151.3,28.4,3023.9
3302529,浪卡,2617,202608131800,TS,152.5,28.6,3138.2
3302529,浪卡,2617,202608132100,TS,153.5,28.8,3233.4
3302529,浪卡,2617,202608140000,TS,153.9,28.9,3271.5
3302529,浪卡,2617,202608140300,TS,154.2,29,3300.1
3302529,浪卡,2617,202608140600,TD,154.3,29,3309.7
3302529,浪卡,2617,202608140900,TD,154.4,29,3319.3
3299347,琵鹭,2616,202608090600,TS,142.6,21.2,2384.9
3299347,琵鹭,2616,202608090900,TS,143.4,21.1,2459.9
3299347,琵鹭,2616,202608091200,TS,143.9,21.1,2504.2
3299347,琵鹭,2616,202608091500,TS,145,20.8,2614.7
3299347,琵鹭,2616,202608091800,TS,146.4,20.6,2747.8
3299347,琵鹭,2616,202608092100,TS,147.2,20.5,2823.4
3299347,琵鹭,2616,202608100000,TS,148.4,20.7,2923.3
3299347,琵鹭,2616,202608100300,TS,149.7,21.1,3026.3
3299347,琵鹭,2616,202608100600,TS,150.8,21.1,3126.8
3299347,琵鹭,2616,202608100900,TS,151.6,21.4,3190.1
3299347,琵鹭,2616,202608101200,TS,152.4,22.2,3239.3
3299347,琵鹭,2616,202608101500,TS,153.2,22.7,3299.8
3299347,琵鹭,2616,202608101800,TS,154,23.3,3359.5
3299347,琵鹭,2616,202608102100,TS,154.9,23.8,3432.8
3299347,琵鹭,2616,202608110000,TS,156,24.6,3520.8
3299347,琵鹭,2616,202608110300,TS,156.6,25,3570.8
3299347,琵鹭,2616,202608110600,TS,157.4,25.5,3639.1
3299347,琵鹭,2616,202608110900,TS,158.2,26.1,3707.4
3299347,琵鹭,2616,202608111200,TS,159.1,26.4,3789.9
3299347,琵鹭,2616,202608111500,TS,159.8,26.8,3852.8
3299347,琵鹭,2616,202608111800,TS,160.8,27.7,3941.3
3299347,琵鹭,2616,202608112100,TS,161.3,28,3987.5
3299347,琵鹭,2616,202608120000,TD,162.2,29,4069.8
3290453,灿鸿,2615,202608050600,TS,165.8,19.5,4562.8
3290453,灿鸿,2615,202608050900,TS,165.9,19.9,4561.1
3290453,灿鸿,2615,202608051200,TS,166,21.9,4521.8
3290453,灿鸿,2615,202608051500,TS,165.5,23.2,4448.4
3290453,灿鸿,2615,202608051800,TS,165.4,23.8,4428.3
3290453,灿鸿,2615,202608052100,TS,165.3,24.1,4413.8
3290453,灿鸿,2615,202608060000,TS,165.1,24.6,4387.0
3290453,灿鸿,2615,202608060300,TS,164.7,25.2,4340.4
3290453,灿鸿,2615,202608060600,TS,163.6,26.2,4223.1
3290453,灿鸿,2615,202608060900,TS,162.9,26.8,4150.1
3290453,灿鸿,2615,202608061200,TS,162.3,27.4,4087.5
3290453,灿鸿,2615,202608061500,TS,162,28,4054.7
3290453,灿鸿,2615,202608061800,TS,162,28.4,4052.7
3290453,灿鸿,2615,202608062100,TS,161.7,28.8,4022.3
3290453,灿鸿,2615,202608070000,TS,161.1,29.3,3963.3
3290453,灿鸿,2615,202608070300,TS,160.3,29.5,3886.0
3290453,灿鸿,2615,202608070600,TS,160.3,29.6,3885.9
3290453,灿鸿,2615,202608070900,TS,160.3,29.9,3885.8
3290453,灿鸿,2615,202608071200,TS,159.6,31,3820.5
3290453,灿鸿,2615,202608071500,TS,159.1,31.4,3774.1
3290453,灿鸿,2615,202608071800,TS,158,32,3672.0
3290453,灿鸿,2615,202608072100,TS,157.6,32.1,3634.3
3290453,灿鸿,2615,202608080000,TS,156.6,32.5,3541.7
3290453,灿鸿,2615,202608080300,TS,155.8,32.8,3467.9
3290453,灿鸿,2615,202608080600,TS,155,33.1,3394.6
3290453,灿鸿,2615,202608080900,TS,154,33.2,3300.2
3290453,灿鸿,2615,202608081200,TS,153.2,33.1,3222.4
3290453,灿鸿,2615,202608081500,TS,152.3,32.9,3133.9
3290453,灿鸿,2615,202608081800,TS,151.8,32.7,3083.7
3290453,灿鸿,2615,202608082100,TS,151.3,32.5,3033.6
3290453,灿鸿,2615,202608090000,TS,151.1,32.5,3014.4
3290453,灿鸿,2615,202608090300,TS,150.9,32.3,2993.2
3290453,灿鸿,2615,202608090600,TS,150.7,32.4,2975.0
3290453,灿鸿,2615,202608090900,TS,150.8,32.2,2982.6
3290453,灿鸿,2615,202608091200,TS,150.8,32.3,2983.6
3290453,灿鸿,2615,202608091500,TS,150.6,32.7,2968.8
3290453,灿鸿,2615,202608091800,TS,150.4,33.1,2954.7
3290453,灿鸿,2615,202608092100,TS,150.2,33.4,2939.9
3290453,灿鸿,2615,202608100000,TS,149.8,33.8,2908.0
3290453,灿鸿,2615,202608100300,TS,149.5,34.2,2886.5
3290453,灿鸿,2615,202608100600,TS,149,34.6,2846.9
3290453,灿鸿,2615,202608100900,TS,148.3,35.1,2791.8
3290453,灿鸿,2615,202608101200,TS,147.4,35.3,2711.9
3290453,灿鸿,2615,202608101500,TS,146.9,36,2683.7
3290453,灿鸿,2615,202608101800,TS,146,36.3,2608.9
3290453,灿鸿,2615,202608102100,TS,145.1,36.8,2541.9
3290453,灿鸿,2615,202608110000,TS,143.5,36.8,2395.6
3290453,灿鸿,2615,202608110300,TS,142.8,36.5,2321.1
3290453,灿鸿,2615,202608110600,TS,142.1,36.5,2257.3
3290453,灿鸿,2615,202608110900,TS,141.2,36,2157.4
3290453,灿鸿,2615,202608111200,TS,140.2,36,2066.3
3290453,灿鸿,2615,202608111500,TD,139,35.7,1946.3
3289093,鲸鱼,2614,202608040900,TD,119.1,17.8,1342.1
3289093,鲸鱼,2614,202608041200,TD,119.4,17.6,1362.9
3289093,鲸鱼,2614,202608041500,TD,119.5,17.4,1384.8
3289093,鲸鱼,2614,202608041800,TS,119.8,17.1,1417.5
3289093,鲸鱼,2614,202608042100,TS,119.8,17.1,1417.5
3289093,鲸鱼,2614,202608050000,TS,119.8,17.1,1417.5
3289093,鲸鱼,2614,202608050300,TS,119.8,17.1,1417.5
3289093,鲸鱼,2614,202608050600,TS,119.9,17.4,1384.2
3289093,鲸鱼,2614,202608050900,TS,120,17.7,1350.9
3289093,鲸鱼,2614,202608051200,TS,120.1,17.8,1339.9
3289093,鲸鱼,2614,202608051500,TS,120.1,17.8,1339.9
3289093,鲸鱼,2614,202608051800,TS,120.1,17.8,1339.9
3289093,鲸鱼,2614,202608052100,TS,120.6,17.8,1341.3
3289093,鲸鱼,2614,202608060000,TD,120.9,17.7,1354.1
3285913,热带低压,20260015,202608011200,TD,125.5,14.7,1767.2
3285913,热带低压,20260015,202608011500,TD,125.3,14.8,1750.8
3285913,热带低压,20260015,202608011800,TD,125,15,1721.2
3285913,热带低压,20260015,202608012100,TD,124.9,15.1,1707.8
3285913,热带低压,20260015,202608020000,TD,124.9,15.1,1707.8
3285913,热带低压,20260015,202608020300,TD,124.8,15.2,1694.5
3285913,热带低压,20260015,202608020600,TD,124.6,15.3,1678.6
3285913,热带低压,20260015,202608020900,TD,124.3,15.6,1638.9
3285913,热带低压,20260015,202608021200,TD,124.1,15.8,1612.5
3285913,热带低压,20260015,202608021500,TD,124,15.9,1599.4
3285913,热带低压,20260015,202608021800,TD,123.9,16,1586.3
3285913,热带低压,20260015,202608022100,TD,123.8,16.2,1562.4
3285913,热带低压,20260015,202608030000,TD,123.4,16.5,1521.2
3279904,白海豚,2613,202607270600,TS,176.9,13.2,5787.4
3279904,白海豚,2613,202607270900,TS,176.4,13.3,5738.2
3279904,白海豚,2613,202607271200,TS,175.3,13.6,5627.3
3279904,白海豚,2613,202607271500,TS,174.6,13.6,5563.5
3279904,白海豚,2613,202607271800,TS,173.7,13.4,5489.0
3279904,白海豚,2613,202607272100,STS,173.4,13,5476.8
3279904,白海豚,2613,202607280000,STS,172.9,13.1,5427.8
3279904,白海豚,2613,202607280300,TY,172.3,13.1,5373.6
3279904,白海豚,2613,202607280600,TY,171.8,13.3,5320.7
3279904,白海豚,2613,202607280900,STY,171.2,13.3,5266.6
3279904,白海豚,2613,202607281200,STY,170.8,13.4,5226.6
3279904,白海豚,2613,202607281500,STY,170.4,13.5,5186.7
3279904,白海豚,2613,202607281800,SuperTY,170,13.6,5146.7
3279904,白海豚,2613,202607282100,SuperTY,169.6,13.9,5099.0
3279904,白海豚,2613,202607290000,SuperTY,169.2,14.1,5055.2
3279904,白海豚,2613,202607290300,SuperTY,168.8,14.4,5007.6
3279904,白海豚,2613,202607290600,STY,168.4,14.7,4960.0
3279904,白海豚,2613,202607290900,SuperTY,168,14.8,4920.0
3279904,白海豚,2613,202607291200,SuperTY,167.7,15.2,4877.9
3279904,白海豚,2613,202607291500,SuperTY,167.3,15.5,4830.5
3279904,白海豚,2613,202607291800,SuperTY,166.8,15.8,4774.1
3279904,白海豚,2613,202607292100,SuperTY,166.3,16.1,4717.8
3279904,白海豚,2613,202607300000,SuperTY,165.8,16.4,4661.5
3279904,白海豚,2613,202607300300,SuperTY,165.3,16.6,4608.8
3279904,白海豚,2613,202607300600,SuperTY,164.9,16.8,4565.2
3279904,白海豚,2613,202607300900,SuperTY,164.5,17.1,4518.2
3279904,白海豚,2613,202607301200,SuperTY,163.9,17.4,4452.9
3279904,白海豚,2613,202607301500,SuperTY,163.4,17.7,4396.8
3279904,白海豚,2613,202607301800,SuperTY,163.1,17.8,4366.0
3279904,白海豚,2613,202607302100,SuperTY,162.5,18,4304.2
3279904,白海豚,2613,202607310000,SuperTY,162,18.2,4251.6
3279904,白海豚,2613,202607310300,SuperTY,161.5,18.4,4199.0
3279904,白海豚,2613,202607310600,SuperTY,161,18.6,4146.4
3279904,白海豚,2613,202607310900,SuperTY,160.5,18.9,4090.5
3279904,白海豚,2613,202607311200,SuperTY,160.2,19.1,4056.3
3279904,白海豚,2613,202607311500,SuperTY,159.8,19.5,4006.6
3279904,白海豚,2613,202607311800,SuperTY,159.2,19.8,3941.7
3279904,白海豚,2613,202607312100,SuperTY,158.8,20,3898.5
3279904,白海豚,2613,202608010000,SuperTY,158.4,20.2,3855.3
3279904,白海豚,2613,202608010300,SuperTY,158,20.4,3812.2
3279904,白海豚,2613,202608010600,SuperTY,157.5,20.8,3753.8
3279904,白海豚,2613,202608010900,SuperTY,156.9,21.3,3683.5
3279904,白海豚,2613,202608011200,SuperTY,156.2,21.6,3609.8
3279904,白海豚,2613,202608011500,SuperTY,155.6,21.8,3548.3
3279904,白海豚,2613,202608011800,SuperTY,155.1,22.1,3493.4
3279904,白海豚,2613,202608012100,SuperTY,154.3,22.5,3407.9
3279904,白海豚,2613,202608020000,SuperTY,153.6,22.7,3337.2
3279904,白海豚,2613,202608020300,SuperTY,152.8,23,3254.5
3279904,白海豚,2613,202608020600,SuperTY,152.3,23.2,3202.5
3279904,白海豚,2613,202608020900,SuperTY,151.6,23.4,3131.8
3279904,白海豚,2613,202608021200,SuperTY,151.1,23.6,3079.9
3279904,白海豚,2613,202608021500,SuperTY,150.4,23.8,3009.3
3279904,白海豚,2613,202608021800,SuperTY,149.6,24,2929.3
3279904,白海豚,2613,202608022100,SuperTY,149,24.2,2868.0
3279904,白海豚,2613,202608030000,STY,148.4,24.4,2806.8
3279904,白海豚,2613,202608030300,STY,147.9,24.6,2755.1
3279904,白海豚,2613,202608030600,STY,147.1,25,2670.5
3279904,白海豚,2613,202608030900,STY,146.5,25.1,2611.7
3279904,白海豚,2613,202608031200,STY,145.6,25,2529.3
3279904,白海豚,2613,202608031500,STY,145.2,25.1,2489.3
3279904,白海豚,2613,202608031800,STY,144.2,25.2,2392.9
3279904,白海豚,2613,202608032100,STY,143.7,25.2,2346.0
3279904,白海豚,2613,202608040000,STY,143.2,25.2,2299.0
3279904,白海豚,2613,202608040300,STY,142.6,25.2,2242.8
3279904,白海豚,2613,202608040600,SuperTY,141.9,25.3,2174.7
3279904,白海豚,2613,202608040900,SuperTY,141.3,25.3,2118.6
3279904,白海豚,2613,202608041200,SuperTY,140.6,25.2,2056.0
3279904,白海豚,2613,202608041500,SuperTY,140.1,25.3,2006.6
3279904,白海豚,2613,202608041800,SuperTY,139.4,25.4,1938.6
3279904,白海豚,2613,202608042100,STY,138.9,25.4,1892.2
3279904,白海豚,2613,202608050000,STY,138.3,25.4,1836.5
3279904,白海豚,2613,202608050300,STY,137.9,25.5,1796.4
3279904,白海豚,2613,202608050600,STY,137.4,25.6,1747.1
3279904,白海豚,2613,202608050900,STY,136.9,25.8,1694.8
3279904,白海豚,2613,202608051200,STY,136.1,26,1614.6
3279904,白海豚,2613,202608051500,STY,135.7,26,1577.5
3279904,白海豚,2613,202608051800,STY,135.2,26.2,1525.2
3279904,白海豚,2613,202608052100,STY,134.3,26.4,1435.8
3279904,白海豚,2613,202608060000,STY,133.7,26.3,1383.4
3279904,白海豚,2613,202608060300,STY,133.3,26.4,1343.3
3279904,白海豚,2613,202608060600,STY,132.7,26.6,1281.6
3279904,白海豚,2613,202608060900,STY,132,26.6,1217.2
3279904,白海豚,2613,202608061200,STY,131.5,26.5,1174.8
3279904,白海豚,2613,202608061500,STY,131.1,26.6,1134.8
3279904,白海豚,2613,202608061800,STY,130.5,26.9,1069.5
3279904,白海豚,2613,202608062100,STY,129.8,27.2,995.2
3279904,白海豚,2613,202608070000,STY,129,27.2,922.0
3279904,白海豚,2613,202608070300,STY,128.3,27.1,862.3
3279904,白海豚,2613,202608070600,STY,128.1,26.8,857.1
3279904,白海豚,2613,202608070900,STY,128,26.9,843.8
3279904,白海豚,2613,202608071200,STY,127.3,27.2,768.8
3279904,白海豚,2613,202608071400,STY,126.7,27.1,720.5
3279904,白海豚,2613,202608071500,STY,126.5,26.9,713.2
3279904,白海豚,2613,202608071600,STY,126.5,26.8,718.4
3279904,白海豚,2613,202608071700,STY,126.5,26.7,723.7
3279904,白海豚,2613,202608071800,STY,126.5,26.6,729.2
3279904,白海豚,2613,202608071900,STY,126.6,26.6,737.5
3279904,白海豚,2613,202608072000,STY,126.6,26.7,732.1
3279904,白海豚,2613,202608072100,STY,126.6,26.8,726.8
3279904,白海豚,2613,202608072200,STY,126.4,26.9,704.6
3279904,白海豚,2613,202608072300,STY,126.3,26.9,696.1
3279904,白海豚,2613,202608080000,STY,126.1,27,673.9
3279904,白海豚,2613,202608080100,STY,125.9,27,657.0
3279904,白海豚,2613,202608080200,STY,125.7,27,640.3
3279904,白海豚,2613,202608080300,STY,125.5,27,623.6
3279904,白海豚,2613,202608080400,STY,125.4,27,615.4
3279904,白海豚,2613,202608080500,STY,125.3,27,607.2
3279904,白海豚,2613,202608080600,STY,125.2,26.9,605.0
3279904,白海豚,2613,202608080700,STY,125.2,26.9,605.0
3279904,白海豚,2613,202608080800,STY,125.1,26.9,596.9
3279904,白海豚,2613,202608080900,STY,125,26.9,588.9
3279904,白海豚,2613,202608081000,STY,124.9,26.9,581.0
3279904,白海豚,2613,202608081100,STY,124.9,26.9,581.0
3279904,白海豚,2613,202608081200,STY,124.8,27,566.8
3279904,白海豚,2613,202608081300,STY,124.7,27,558.8
3279904,白海豚,2613,202608081400,STY,124.5,27.1,536.7
3279904,白海豚,2613,202608081500,STY,124.3,27.1,521.0
3279904,白海豚,2613,202608081600,STY,124,27.1,498.0
3279904,白海豚,2613,202608081700,STY,124,27.1,498.0
3279904,白海豚,2613,202608081800,STY,124,27.1,498.0
3279904,白海豚,2613,202608081900,STY,123.9,27.2,483.6
3279904,白海豚,2613,202608082000,STY,123.8,27.3,469.2
3279904,白海豚,2613,202608082100,STY,123.7,27.4,454.8
3279904,白海豚,2613,202608082200,STY,123.6,27.5,440.4
3279904,白海豚,2613,202608082300,STY,123.6,27.5,440.4
3279904,白海豚,2613,202608090000,STY,123.3,27.7,404.0
3279904,白海豚,2613,202608090100,STY,123.1,27.9,375.4
3279904,白海豚,2613,202608090200,STY,122.9,27.9,359.9
3279904,白海豚,2613,202608090300,STY,122.7,28,337.9
3279904,白海豚,2613,202608090400,STY,122.4,28.1,308.4
3279904,白海豚,2613,202608090500,STY,122.2,28.1,293.8
3279904,白海豚,2613,202608090600,STY,122,28.1,279.8
3279904,白海豚,2613,202608090700,STY,121.8,28.1,266.5
3279904,白海豚,2613,202608090800,STY,121.6,28.1,253.8
3279904,白海豚,2613,202608090900,STY,121.4,28.1,242.1
3279904,白海豚,2613,202608091000,STY,121.1,28.1,226.5
3279904,白海豚,2613,202608091100,TY,120.9,28,227.6
3279904,白海豚,2613,202608091200,TY,120.6,27.8,238.6
3279904,白海豚,2613,202608091300,TY,120.4,27.7,245.1
3279904,白海豚,2613,202608091400,STS,120.1,27.6,252.5
3279904,白海豚,2613,202608091500,STS,120.1,27.5,263.6
3279904,白海豚,2613,202608091600,STS,120,27.5,263.2
3279904,白海豚,2613,202608091700,TS,119.8,27.5,263.4
3279904,白海豚,2613,202608091800,TS,119.6,27.5,265.0
3279904,白海豚,2613,202608091900,TS,119.5,27.5,266.3
3279904,白海豚,2613,202608092000,TS,119.4,27.5,268.0
3279904,白海豚,2613,202608092100,TS,119.3,27.6,259.2
3279904,白海豚,2613,202608092200,TS,119.2,27.7,250.9
3279904,白海豚,2613,202608092300,TS,119.1,27.8,243.3
3279904,白海豚,2613,202608100000,TS,119.1,27.9,232.8
3279904,白海豚,2613,202608100100,TS,119.1,27.9,232.8
3279904,白海豚,2613,202608100200,TS,119,28.2,205.9
3279904,白海豚,2613,202608100300,TS,118.8,28.3,205.4
3279904,白海豚,2613,202608100400,TS,118.6,28.4,207.4
3279904,白海豚,2613,202608100500,TS,118.4,28.4,219.8
3279904,白海豚,2613,202608100600,TS,118.2,28.5,225.5
3279904,白海豚,2613,202608100700,TS,118,28.6,233.2
3279904,白海豚,2613,202608100800,TS,117.9,28.7,234.6
3279904,白海豚,2613,202608100900,TS,117.8,28.9,231.6
3279904,白海豚,2613,202608101000,TS,117.8,29,226.6
3279904,白海豚,2613,202608101100,TS,117.7,29,235.4
3279904,白海豚,2613,202608101200,TS,117.6,29.1,240.0
3279904,白海豚,2613,202608101300,TS,117.5,29.2,245.4
3279904,白海豚,2613,202608101400,TS,117.3,29.3,260.9
3279904,白海豚,2613,202608101500,TS,117.2,29.3,270.3
3279904,白海豚,2613,202608101600,TS,117.2,29.3,270.3
3279904,白海豚,2613,202608101700,TS,117,29.3,289.0
3279904,白海豚,2613,202608101800,TS,117,29.4,286.8
3279904,白海豚,2613,202608101900,TS,116.9,29.6,293.2
3279904,白海豚,2613,202608102000,TS,116.6,29.9,320.5
3279904,白海豚,2613,202608102100,TS,116.2,30.2,360.9
3279904,白海豚,2613,202608102200,TS,116,30.3,381.3
3279904,白海豚,2613,202608102300,TS,115.8,30.4,401.9
3279904,白海豚,2613,202608110000,TS,115.6,30.5,422.6
3279904,白海豚,2613,202608110100,TS,115.5,30.7,436.2
3279904,白海豚,2613,202608110200,TS,115.5,30.9,441.5
3279904,白海豚,2613,202608110300,TD,115.4,30.9,450.8
3279904,白海豚,2613,202608110600,TD,115.1,31,481.5
3277083,红霞,2612,202607222100,TD,130.4,15.8,1858.7
3277083,红霞,2612,202607230000,TD,129.5,16.2,1775.1
3277083,红霞,2612,202607230300,TD,129.1,16.6,1717.2
3277083,红霞,2612,202607230600,TD,128.3,17.1,1630.4
3277083,红霞,2612,202607230900,TD,127.5,17.4,1564.2
3277083,红霞,2612,202607231200,TD,126.3,17.7,1483.5
3277083,红霞,2612,202607231500,TD,125.3,18,1415.3
3277083,红霞,2612,202607231800,TS,125.1,18.1,1398.0
3277083,红霞,2612,202607232100,TS,124.6,18.2,1371.1
3277083,红霞,2612,202607240000,TS,123.9,18.2,1350.6
3277083,红霞,2612,202607240300,TS,123,18.7,1274.6
3277083,红霞,2612,202607240600,TS,122.2,19,1226.2
3277083,红霞,2612,202607240900,STS,121.6,19.2,1195.2
3277083,红霞,2612,202607241000,STS,121.4,19.3,1181.8
3277083,红霞,2612,202607241100,STS,121.2,19.4,1168.6
3277083,红霞,2612,202607241200,STS,120.9,19.5,1154.9
3277083,红霞,2612,202607241300,STS,120.6,19.6,1141.8
3277083,红霞,2612,202607241400,STS,120.4,19.7,1129.8
3277083,红霞,2612,202607241500,STS,120.1,19.7,1129.0
3277083,红霞,2612,202607241600,STS,119.9,19.8,1117.8
3277083,红霞,2612,202607241700,STS,119.6,19.9,1107.1
3277083,红霞,2612,202607241800,STS,119.4,20,1096.8
3277083,红霞,2612,202607241900,STS,119.1,20.1,1087.4
3277083,红霞,2612,202607242000,STS,118.9,20.2,1077.9
3277083,红霞,2612,202607242100,TY,118.8,20.3,1067.8
3277083,红霞,2612,202607242200,TY,118.6,20.4,1058.9
3277083,红霞,2612,202607242300,TY,118.4,20.5,1050.4
3277083,红霞,2612,202607250000,TY,118.2,20.6,1042.4
3277083,红霞,2612,202607250100,TY,118,20.7,1034.7
3277083,红霞,2612,202607250200,TY,117.5,21,1012.0
3277083,红霞,2612,202607250300,TY,117.2,21.2,997.6
3277083,红霞,2612,202607250400,TY,117.1,21.3,989.5
3277083,红霞,2612,202607250500,TY,116.9,21.4,984.4
3277083,红霞,2612,202607250600,TY,116.6,21.4,993.3
3277083,红霞,2612,202607250700,TY,116.6,21.4,993.3
3277083,红霞,2612,202607250800,TY,116.5,21.4,996.5
3277083,红霞,2612,202607250900,TY,116.4,21.5,989.3
3277083,红霞,2612,202607251000,TY,116.3,21.6,982.2
3277083,红霞,2612,202607251100,TY,116.1,21.7,978.9
3277083,红霞,2612,202607251200,TY,116,21.8,972.4
3277083,红霞,2612,202607251300,TY,115.8,21.9,969.9
3277083,红霞,2612,202607251400,STY,115.6,22,967.9
3277083,红霞,2612,202607251500,STY,115.5,22.1,962.1
3277083,红霞,2612,202607251600,STY,115.4,22.2,956.5
3277083,红霞,2612,202607251700,STY,115.3,22.2,961.0
3277083,红霞,2612,202607251800,STY,115.2,22.4,945.9
3277083,红霞,2612,202607251900,STY,115,22.5,945.7
3277083,红霞,2612,202607252000,STY,114.8,22.6,946.1
3277083,红霞,2612,202607252100,TY,114.7,22.7,941.7
3277083,红霞,2612,202607252200,TY,114.6,22.7,946.9
3277083,红霞,2612,202607252300,TY,114.5,22.8,942.9
3277083,红霞,2612,202607260000,STS,114.4,22.9,939.1
3277083,红霞,2612,202607260100,STS,114.4,23,930.0
3277083,红霞,2612,202607260200,STS,114.3,23.1,926.5
3277083,红霞,2612,202607260300,STS,114.2,23.2,923.2
3277083,红霞,2612,202607260400,STS,114.2,23.3,914.3
3277083,红霞,2612,202607260500,STS,114.1,23.5,902.7
3277083,红霞,2612,202607260600,TS,114,23.6,900.1
3277083,红霞,2612,202607260700,TS,113.9,23.7,897.7
3277083,红霞,2612,202607260800,TS,113.8,23.8,895.6
3277083,红霞,2612,202607260900,TS,113.7,23.9,893.7
3277083,红霞,2612,202607261000,TS,113.7,24,885.5
3277083,红霞,2612,202607261100,TS,113.7,24.1,877.4
3277083,红霞,2612,202607261200,TS,113.6,24.2,876.0
3277083,红霞,2612,202607261300,TS,113.6,24.4,860.2
3277083,红霞,2612,202607261400,TS,113.5,24.6,851.6
3277083,红霞,2612,202607261500,TD,113.5,24.7,844.0
3277083,红霞,2612,202607261800,TD,113.3,25.2,822.2
3277083,红霞,2612,202607262100,TD,113.4,26.3,743.0
3277083,红霞,2612,202607270000,TD,113.4,26.4,737.2
3277083,红霞,2612,202607270300,TD,113.2,26.7,737.2
3272323,海神,2611,202607130000,TS,136.7,10.6,2679.7
3272323,海神,2611,202607130300,TS,136.5,10.6,2668.1
3272323,海神,2611,202607130600,TS,136.3,10.7,2647.8
3272323,海神,2611,202607130900,TS,136.2,11.1,2606.4
3272323,海神,2611,202607131200,TS,135.9,11.7,2535.9
3272323,海神,2611,202607131500,TS,135.4,11.8,2498.1
3272323,海神,2611,202607131800,TS,134.7,12.3,2413.4
3272323,海神,2611,202607132100,TS,135,13.2,2351.2
3272323,海神,2611,202607140000,TS,135.1,13.4,2339.7
3272323,海神,2611,202607140300,TD,135.1,14,2288.1
3257847,美莎克,2610,202607010000,TD,118.5,14.2,1744.8
3257847,美莎克,2610,202607010300,TD,118,14.5,1716.2
3257847,美莎克,2610,202607010600,TD,117.5,15,1667.1
3257847,美莎克,2610,202607010900,TD,117,15.5,1619.8
3257847,美莎克,2610,202607011200,TD,116.3,16.1,1567.9
3257847,美莎克,2610,202607011500,TD,115.9,16.6,1523.2
3257847,美莎克,2610,202607011800,TD,115.3,16.9,1507.1
3257847,美莎克,2610,202607012100,TD,114.5,17.1,1510.8
3257847,美莎克,2610,202607020000,TD,113.7,17.4,1508.5
3257847,美莎克,2610,202607020300,TD,112.5,17.8,1518.7
3257847,美莎克,2610,202607020600,TD,111.7,17.8,1556.4
3257847,美莎克,2610,202607020900,TD,111,17.8,1591.8
3257847,美莎克,2610,202607021200,TD,110.6,17.6,1631.4
3257847,美莎克,2610,202607021500,TD,110.6,16.9,1696.8
3257847,美莎克,2610,202607021800,TS,110.7,16.9,1691.7
3257847,美莎克,2610,202607021900,TS,110.7,17.1,1672.9
3257847,美莎克,2610,202607022000,TS,110.6,17.1,1678.0
3257847,美莎克,2610,202607022100,TS,110.5,17.2,1673.8
3257847,美莎克,2610,202607022200,TS,110.4,17.3,1669.8
3257847,美莎克,2610,202607022300,TS,110.3,17.3,1675.1
3257847,美莎克,2610,202607030000,TS,110.2,17.3,1680.5
3257847,美莎克,2610,202607030100,TS,110,17.2,1700.4
3257847,美莎克,2610,202607030200,TS,110,17.2,1700.4
3257847,美莎克,2610,202607030300,TS,110,17.4,1682.1
3257847,美莎克,2610,202607030400,TS,110,17.5,1673.0
3257847,美莎克,2610,202607030500,TS,110,17.5,1673.0
3257847,美莎克,2610,202607030600,TS,109.9,17.6,1669.4
3257847,美莎克,2610,202607030700,TS,109.9,17.8,1651.4
3257847,美莎克,2610,202607030800,TS,110.1,18.1,1613.1
3257847,美莎克,2610,202607030900,TS,110.1,18.2,1604.1
3257847,美莎克,2610,202607031000,TS,110.1,18.3,1595.2
3257847,美莎克,2610,202607031100,TS,110,18.5,1583.2
3257847,美莎克,2610,202607031200,TS,109.9,18.6,1580.2
3257847,美莎克,2610,202607031300,TS,109.7,18.8,1574.6
3257847,美莎克,2610,202607031400,TS,109.6,18.9,1572.1
3257847,美莎克,2610,202607031500,TS,109.4,19.3,1550.4
3257847,美莎克,2610,202607031600,TS,109.3,19.6,1531.8
3257847,美莎克,2610,202607031700,TS,109.1,19.7,1536.6
3257847,美莎克,2610,202607031800,TS,109,19.7,1543.1
3257847,美莎克,2610,202607031900,TS,108.9,19.8,1541.6
3257847,美莎克,2610,202607032000,TS,108.8,19.8,1548.3
3257847,美莎克,2610,202607032100,TS,108.7,19.9,1547.0
3257847,美莎克,2610,202607032200,TS,108.6,20,1545.8
3257847,美莎克,2610,202607032300,TS,108.5,20.1,1544.8
3257847,美莎克,2610,202607040000,TS,108.4,20.2,1544.0
3257847,美莎克,2610,202607040100,TS,108.3,20.3,1543.2
3257847,美莎克,2610,202607040200,TS,108.3,20.3,1543.2
3257847,美莎克,2610,202607040300,TS,108.1,20.2,1564.8
3257847,美莎克,2610,202607040400,TS,108.1,20.3,1557.3
3257847,美莎克,2610,202607040500,TS,108.1,20.4,1549.7
3257847,美莎克,2610,202607040600,TS,108.1,20.5,1542.2
3257847,美莎克,2610,202607040700,TS,108.1,20.6,1534.7
3257847,美莎克,2610,202607040800,TS,108.1,20.8,1519.9
3257847,美莎克,2610,202607040900,STS,108.1,20.9,1512.6
3257847,美莎克,2610,202607041000,STS,108.1,21.1,1498.1
3257847,美莎克,2610,202607041100,STS,108.1,21.2,1490.9
3257847,美莎克,2610,202607041200,STS,108.1,21.4,1476.7
3257847,美莎克,2610,202607041300,STS,108,21.5,1477.1
3257847,美莎克,2610,202607041400,STS,108,21.5,1477.1
3257847,美莎克,2610,202607041500,STS,107.9,21.5,1484.6
3257847,美莎克,2610,202607041600,STS,107.9,21.5,1484.6
3257847,美莎克,2610,202607041700,STS,107.8,21.6,1485.2
3257847,美莎克,2610,202607041800,STS,107.9,21.6,1477.7
3257847,美莎克,2610,202607041900,STS,108,21.7,1463.2
3257847,美莎克,2610,202607042000,STS,108.1,21.8,1448.8
3257847,美莎克,2610,202607042100,STS,108,22,1442.8
3257847,美莎克,2610,202607042200,STS,108,22.1,1436.1
3257847,美莎克,2610,202607042300,STS,108,22.2,1429.5
3257847,美莎克,2610,202607050000,STS,108,22.3,1422.9
3257847,美莎克,2610,202607050100,STS,108,22.4,1416.4
3257847,美莎克,2610,202607050200,TS,108,22.4,1416.4
3257847,美莎克,2610,202607050300,TS,108.2,22.6,1387.8
3257847,美莎克,2610,202607050400,TS,108.2,22.7,1381.4
3257847,美莎克,2610,202607050500,TS,108.3,22.8,1367.1
3257847,美莎克,2610,202607050600,TS,108.4,22.9,1352.9
3257847,美莎克,2610,202607050700,TS,108.5,23.1,1332.3
3257847,美莎克,2610,202607050800,TS,108.5,23.2,1326.1
3257847,美莎克,2610,202607050900,TS,108.5,23.4,1313.8
3257847,美莎克,2610,202607051000,TS,108.6,23.6,1293.7
3257847,美莎克,2610,202607051100,TS,108.7,23.7,1279.6
3257847,美莎克,2610,202607051200,TS,108.7,23.8,1273.7
3257847,美莎克,2610,202607051300,TS,108.7,24,1262.1
3257847,美莎克,2610,202607051400,TS,108.8,24.3,1236.9
3257847,美莎克,2610,202607051500,TS,108.9,24.5,1217.6
3257847,美莎克,2610,202607051600,TS,108.9,24.7,1206.9
3257847,美莎克,2610,202607051700,TS,109,24.8,1193.1
3257847,美莎克,2610,202607051800,TS,109,25,1182.8
3257847,美莎克,2610,202607051900,TS,109,25.2,1172.8
3257847,美莎克,2610,202607052000,TS,109.1,25.5,1149.8
3257847,美莎克,2610,202607052100,TD,109.1,25.5,1149.8
3257847,美莎克,2610,202607060000,TD,109.6,25.8,1092.1
3257847,美莎克,2610,202607060300,TD,110.2,26.3,1016.9
3257847,美莎克,2610,202607060600,TD,110.7,26.9,947.6
3257847,美莎克,2610,202607060900,TD,111.2,28,865.6
3257931,巴威,2609,202607020000,TS,160.1,11,4397.4
3257931,巴威,2609,202607020300,TS,159.4,11.5,4311.8
3257931,巴威,2609,202607020600,TS,159,11.6,4272.6
3257931,巴威,2609,202607020900,STS,158.6,11.7,4233.5
3257931,巴威,2609,202607021200,STS,158.2,11.9,4189.0
3257931,巴威,2609,202607021500,STS,157.4,12.3,4100.2
3257931,巴威,2609,202607021800,STS,156.8,12.6,4033.5
3257931,巴威,2609,202607022100,STS,156.1,12.7,3969.1
3257931,巴威,2609,202607030000,TY,155.3,13,3885.5
3257931,巴威,2609,202607030300,TY,154.8,12.9,3848.8
3257931,巴威,2609,202607030600,STY,154.2,12.9,3798.6
3257931,巴威,2609,202607030900,STY,153.6,12.9,3748.5
3257931,巴威,2609,202607031200,STY,153.2,12.8,3720.9
3257931,巴威,2609,202607031500,STY,152.8,12.7,3693.6
3257931,巴威,2609,202607031800,SuperTY,152.3,12.7,3652.4
3257931,巴威,2609,202607032100,SuperTY,151.8,12.7,3611.5
3257931,巴威,2609,202607040000,SuperTY,151.6,12.6,3601.0
3257931,巴威,2609,202607040300,SuperTY,151.3,12.6,3576.6
3257931,巴威,2609,202607040600,SuperTY,150.9,12.5,3550.2
3257931,巴威,2609,202607040900,SuperTY,150.7,12.5,3534.0
3257931,巴威,2609,202607041200,SuperTY,150.3,12.6,3495.7
3257931,巴威,2609,202607041500,SuperTY,149.9,12.7,3457.5
3257931,巴威,2609,202607041800,SuperTY,149.6,12.7,3433.4
3257931,巴威,2609,202607042100,SuperTY,149.2,12.8,3395.2
3257931,巴威,2609,202607050000,SuperTY,149,12.8,3379.3
3257931,巴威,2609,202607050300,SuperTY,148.7,13.1,3336.7
3257931,巴威,2609,202607050600,SuperTY,148.2,13.4,3278.2
3257931,巴威,2609,202607050900,SuperTY,147.7,13.5,3232.1
3257931,巴威,2609,202607051200,SuperTY,147.1,13.7,3171.9
3257931,巴威,2609,202607051500,SuperTY,146.6,13.7,3132.3
3257931,巴威,2609,202607051800,SuperTY,146.2,13.9,3088.1
3257931,巴威,2609,202607052100,SuperTY,145.7,14.1,3035.9
3257931,巴威,2609,202607060000,SuperTY,145.1,14.3,2976.0
3257931,巴威,2609,202607060300,SuperTY,144.6,14.6,2917.5
3257931,巴威,2609,202607060600,SuperTY,144.2,14.8,2873.2
3257931,巴威,2609,202607060900,SuperTY,143.4,15.1,2791.3
3257931,巴威,2609,202607061200,SuperTY,142.8,15.4,2725.0
3257931,巴威,2609,202607061500,SuperTY,142,15.7,2643.2
3257931,巴威,2609,202607061800,SuperTY,141.2,15.8,2575.0
3257931,巴威,2609,202607062100,SuperTY,140.6,16,2515.7
3257931,巴威,2609,202607070000,SuperTY,139.9,16.2,2448.9
3257931,巴威,2609,202607070300,SuperTY,139.2,16.3,2389.4
3257931,巴威,2609,202607070600,SuperTY,138.4,16.5,2315.8
3257931,巴威,2609,202607070900,SuperTY,137.7,16.7,2250.0
3257931,巴威,2609,202607071200,SuperTY,136.6,16.8,2163.2
3257931,巴威,2609,202607071500,SuperTY,136,16.8,2120.7
3257931,巴威,2609,202607071800,SuperTY,135.2,16.8,2065.2
3257931,巴威,2609,202607072100,SuperTY,134.9,16.8,2044.8
3257931,巴威,2609,202607080000,SuperTY,134.1,16.9,1983.2
3257931,巴威,2609,202607080300,SuperTY,133.5,16.9,1943.9
3257931,巴威,2609,202607080600,SuperTY,133.1,16.9,1918.2
3257931,巴威,2609,202607080900,SuperTY,132.5,17.1,1863.6
3257931,巴威,2609,202607081200,SuperTY,131.9,17.3,1809.5
3257931,巴威,2609,202607081500,SuperTY,131.4,17.5,1761.9
3257931,巴威,2609,202607081800,SuperTY,130.9,17.7,1714.6
3257931,巴威,2609,202607082100,SuperTY,130.5,17.9,1673.5
3257931,巴威,2609,202607090000,SuperTY,130,18.3,1609.0
3257931,巴威,2609,202607090300,SuperTY,129.5,18.4,1571.5
3257931,巴威,2609,202607090600,SuperTY,128.9,18.7,1510.9
3257931,巴威,2609,202607090900,SuperTY,128.9,18.7,1510.9
3257931,巴威,2609,202607091200,STY,128.8,18.8,1496.3
3257931,巴威,2609,202607091500,STY,128.5,19.4,1425.2
3257931,巴威,2609,202607091800,STY,128.2,19.9,1363.2
3257931,巴威,2609,202607092100,STY,128,20.4,1307.0
3257931,巴威,2609,202607100000,STY,127.6,20.8,1248.5
3257931,巴威,2609,202607100300,TY,127.3,21.1,1204.5
3257931,巴威,2609,202607100600,TY,126.9,21.8,1119.2
3257931,巴威,2609,202607100700,TY,126.8,21.9,1104.5
3257931,巴威,2609,202607100800,TY,126.7,22.1,1081.0
3257931,巴威,2609,202607100900,TY,126.6,22.2,1066.3
3257931,巴威,2609,202607101000,TY,126.4,22.4,1037.0
3257931,巴威,2609,202607101100,TY,126.2,22.6,1007.7
3257931,巴威,2609,202607101200,TY,126.2,22.7,998.8
3257931,巴威,2609,202607101300,TY,126,22.8,978.4
3257931,巴威,2609,202607101400,TY,125.9,23,954.8
3257931,巴威,2609,202607101500,TY,125.8,23.1,940.2
3257931,巴威,2609,202607101600,STY,125.6,23.3,910.9
3257931,巴威,2609,202607101700,STY,125.5,23.5,887.4
3257931,巴威,2609,202607101800,STY,125.3,23.7,858.0
3257931,巴威,2609,202607101900,STY,125.1,23.9,828.7
3257931,巴威,2609,202607102000,STY,125.1,24,819.9
3257931,巴威,2609,202607102100,STY,125,24.2,796.4
3257931,巴威,2609,202607102200,STY,124.9,24.4,773.0
3257931,巴威,2609,202607102300,STY,124.8,24.7,741.0
3257931,巴威,2609,202607110000,STY,124.6,24.9,711.6
3257931,巴威,2609,202607110100,STY,124.5,25.2,679.9
3257931,巴威,2609,202607110200,STY,124.4,25.5,648.4
3257931,巴威,2609,202607110300,TY,124.1,25.7,612.7
3257931,巴威,2609,202607110400,TY,123.6,26.4,522.6
3257931,巴威,2609,202607110500,TY,123.6,26.4,522.6
3257931,巴威,2609,202607110600,TY,123.3,26.6,486.8
3257931,巴威,2609,202607110700,TY,123,26.8,451.0
3257931,巴威,2609,202607110800,TY,122.7,27,415.4
3257931,巴威,2609,202607110900,TY,122.4,27.2,379.9
3257931,巴威,2609,202607111000,TY,122.2,27.2,368.2
3257931,巴威,2609,202607111100,TY,122,27.2,357.1
3257931,巴威,2609,202607111200,TY,121.9,27.4,333.4
3257931,巴威,2609,202607111300,TY,121.7,27.6,304.2
3257931,巴威,2609,202607111400,TY,121.5,27.8,275.0
3257931,巴威,2609,202607111500,TY,121.4,28,251.2
3257931,巴威,2609,202607111600,TY,121.1,28.3,207.5
3257931,巴威,2609,202607111700,TY,120.8,28.5,173.6
3257931,巴威,2609,202607111800,TY,120.6,28.6,155.0
3257931,巴威,2609,202607111900,TY,120.4,28.7,137.5
3257931,巴威,2609,202607112000,TY,120.2,29,100.0
3257931,巴威,2609,202607112100,STS,120,29.3,63.6
3257931,巴威,2609,202607112200,STS,119.9,29.5,41.2
3257931,巴威,2609,202607112300,STS,119.8,29.8,14.7
3257931,巴威,2609,202607120000,STS,119.8,29.9,12.9
3257931,巴威,2609,202607120100,STS,119.5,30.2,55.3
3257931,巴威,2609,202607120200,STS,119.3,30.3,77.2
3257931,巴威,2609,202607120300,STS,119.1,30.6,113.8
3257931,巴威,2609,202607120400,STS,118.9,30.7,135.3
3257931,巴威,2609,202607120500,STS,118.8,30.9,157.8
3257931,巴威,2609,202607120600,STS,118.6,31.1,187.2
3257931,巴威,2609,202607120700,TS,118.5,31.2,201.8
3257931,巴威,2609,202607120800,TS,118.4,31.4,224.8
3257931,巴威,2609,202607120900,TS,118.3,31.4,231.2
3257931,巴威,2609,202607121000,TS,118.2,31.6,254.2
3257931,巴威,2609,202607121100,TS,118,31.7,275.3
3257931,巴威,2609,202607121200,TS,118,31.8,283.6
3257931,巴威,2609,202607121300,TS,118,31.9,292.0
3257931,巴威,2609,202607121400,TS,118,31.9,292.0
3257931,巴威,2609,202607121500,TS,117.9,32,306.7
3257931,巴威,2609,202607121600,TS,117.8,32.1,321.4
3257931,巴威,2609,202607121700,TS,117.7,32.2,336.1
3257931,巴威,2609,202607121800,TS,117.8,32.5,356.7
3257931,巴威,2609,202607121900,TS,117.7,32.6,371.3
3257931,巴威,2609,202607122000,TS,117.8,32.8,384.5
3257931,巴威,2609,202607122100,TS,117.8,33,403.4
3257931,巴威,2609,202607122200,TS,117.8,33.3,432.4
3257931,巴威,2609,202607122300,TS,117.8,33.3,432.4
3257931,巴威,2609,202607130000,TS,118,33.6,453.8
3257931,巴威,2609,202607130100,TS,118,33.6,453.8
3257931,巴威,2609,202607130200,TS,118,33.7,463.9
3257931,巴威,2609,202607130300,TS,118.1,33.8,470.5
3257931,巴威,2609,202607130400,TS,118.1,33.9,480.8
3257931,巴威,2609,202607130500,TS,118.2,34,487.7
3257931,巴威,2609,202607130600,TS,118.2,34.2,508.7
3257931,巴威,2609,202607130700,TS,118.2,34.3,519.2
3257931,巴威,2609,202607130800,TS,118.3,34.3,516.2
3257931,巴威,2609,202607130900,TS,118.3,34.4,526.7
3257931,巴威,2609,202607131000,TS,118.6,34.5,529.6
3257931,巴威,2609,202607131100,TS,118.7,34.7,549.0
3257931,巴威,2609,202607131200,TS,118.8,34.7,547.1
3257931,巴威,2609,202607131300,TS,118.9,34.8,556.1
3257931,巴威,2609,202607131400,TS,119.1,35,575.0
3257931,巴威,2609,202607131500,TS,119.3,35.2,594.7
3257931,巴威,2609,202607131600,TS,119.4,35.3,604.9
3257931,巴威,2609,202607131700,TS,119.5,35.6,637.4
3257931,巴威,2609,202607131800,TS,119.7,35.8,658.6
3257931,巴威,2609,202607131900,TS,119.9,36,680.4
3257931,巴威,2609,202607132000,TS,120,36.2,702.7
3257931,巴威,2609,202607132100,TS,120.1,36.3,713.9
3257931,巴威,2609,202607132200,TS,120.3,36.4,725.7
3257931,巴威,2609,202607132300,TS,120.5,36.7,760.1
3257931,巴威,2609,202607140000,TS,120.6,36.8,771.9
3257931,巴威,2609,202607140100,TS,121,36.9,787.1
3257931,巴威,2609,202607140200,TS,121.2,37,800.8
3257931,巴威,2609,202607140300,TS,121.5,37.1,816.6
3257931,巴威,2609,202607140400,TS,121.7,37.4,853.0
3257931,巴威,2609,202607140500,TS,122.2,37.5,874.7
3257931,巴威,2609,202607140600,TS,122.4,37.6,890.4
3257931,巴威,2609,202607140700,TS,122.8,37.7,912.0
3257931,巴威,2609,202607140800,TS,123.2,38,955.7
3257931,巴威,2609,202607140900,TS,123.8,38.1,986.6
3257931,巴威,2609,202607141000,TS,124.1,38.2,1008.0
3257931,巴威,2609,202607141100,TS,124.8,38.4,1056.5
3252248,海高斯,2608,202606230000,TS,145.9,15.4,2971.3
3252248,海高斯,2608,202606230300,TS,145.3,15.4,2922.8
3252248,海高斯,2608,202606230600,TS,144.9,15.4,2890.8
3252248,海高斯,2608,202606230900,TS,144.6,15.4,2866.8
3252248,海高斯,2608,202606231200,TS,144.1,15.7,2808.3
3252248,海高斯,2608,202606231500,TS,144,15.7,2800.3
3252248,海高斯,2608,202606231800,TS,143.6,15.7,2768.5
3252248,海高斯,2608,202606232100,TS,142.4,15.7,2674.3
3252248,海高斯,2608,202606240000,TS,141.9,15.7,2635.5
3252248,海高斯,2608,202606240300,TS,141.5,15.9,2591.4
3252248,海高斯,2608,202606240600,TS,140.8,15.9,2537.7
3252248,海高斯,2608,202606240900,TS,140,15.9,2477.2
3252248,海高斯,2608,202606241200,TS,139.5,16.2,2418.8
3252248,海高斯,2608,202606241500,TS,139,16.5,2360.5
3252248,海高斯,2608,202606241800,TS,137.9,17.2,2229.3
3252248,海高斯,2608,202606242100,TS,137.7,17.3,2207.3
3252248,海高斯,2608,202606250000,TS,137,17.4,2148.4
3252248,海高斯,2608,202606250300,TS,136.5,17.9,2075.9
3252248,海高斯,2608,202606250600,TS,135.3,19.4,1881.3
3252248,海高斯,2608,202606250900,TS,135,19.8,1831.3
3252248,海高斯,2608,202606251200,TS,134.5,20.6,1739.4
3252248,海高斯,2608,202606251500,TS,134.2,21.7,1645.9
3252248,海高斯,2608,202606251800,TS,134,22.8,1565.2
3252248,海高斯,2608,202606252100,TS,133.8,23.1,1532.0
3252248,海高斯,2608,202606260000,TS,133.5,23.4,1490.6
3252248,海高斯,2608,202606260300,TS,133.7,24.8,1440.0
3252248,海高斯,2608,202606260600,TS,134.3,27.6,1405.9
3252248,海高斯,2608,202606260900,TS,134.4,29.1,1395.4
3252248,海高斯,2608,202606261200,TS,135.2,30.3,1470.6
3252248,海高斯,2608,202606261500,TS,136,31.1,1552.8
3252248,海高斯,2608,202606261800,TS,137.2,32.1,1680.6
3252248,海高斯,2608,202606262100,TS,138.9,33.9,1879.9
3248485,米克拉,2607,202606191800,TS,138.8,14,2530.2
3248485,米克拉,2607,202606192100,TS,138.2,14.1,2481.3
3248485,米克拉,2607,202606200000,TS,137.7,14.4,2423.7
3248485,米克拉,2607,202606200300,TS,137.1,14.6,2367.3
3248485,米克拉,2607,202606200600,TS,136.5,14.6,2327.4
3248485,米克拉,2607,202606200900,TS,136,14.8,2278.3
3248485,米克拉,2607,202606201200,TS,135.5,14.9,2237.7
3248485,米克拉,2607,202606201500,STS,134.6,14.9,2180.6
3248485,米克拉,2607,202606201800,STS,134,14.9,2143.7
3248485,米克拉,2607,202606202100,STS,133.4,15,2098.9
3248485,米克拉,2607,202606210000,STS,133.1,15.3,2054.9
3248485,米克拉,2607,202606210300,STS,132.5,15.6,1993.2
3248485,米克拉,2607,202606210600,STS,131.9,16,1923.0
3248485,米克拉,2607,202606210900,TY,131,16.3,1845.1
3248485,米克拉,2607,202606211200,TY,130.5,16.6,1790.2
3248485,米克拉,2607,202606211500,TY,129.7,16.9,1719.6
3248485,米克拉,2607,202606211800,TY,129,17,1674.2
3248485,米克拉,2607,202606212100,TY,128.2,17.3,1606.4
3248485,米克拉,2607,202606220000,STY,127.9,17.4,1582.5
3248485,米克拉,2607,202606220300,SuperTY,127.6,17.6,1549.2
3248485,米克拉,2607,202606220600,SuperTY,126.9,18,1478.5
3248485,米克拉,2607,202606220900,SuperTY,126.6,18,1465.7
3248485,米克拉,2607,202606221200,SuperTY,126.2,18.1,1439.1
3248485,米克拉,2607,202606221500,SuperTY,125.8,18.2,1413.2
3248485,米克拉,2607,202606221800,SuperTY,125.6,18.4,1385.2
3248485,米克拉,2607,202606222100,SuperTY,125.4,18.5,1367.5
3248485,米克拉,2607,202606230000,SuperTY,125.2,18.8,1329.4
3248485,米克拉,2607,202606230300,STY,125,19.1,1291.2
3248485,米克拉,2607,202606230600,STY,124.7,19.2,1270.3
3248485,米克拉,2607,202606230900,STY,124.7,19.3,1259.9
3248485,米克拉,2607,202606231200,STY,124.7,19.5,1239.3
3248485,米克拉,2607,202606231500,STY,124.6,19.8,1204.8
3248485,米克拉,2607,202606231800,STY,124.5,20.1,1170.3
3248485,米克拉,2607,202606232100,TY,124.5,20.5,1129.3
3248485,米克拉,2607,202606240000,TY,124.5,20.8,1098.7
3248485,米克拉,2607,202606240100,TY,124.5,21,1078.4
3248485,米克拉,2607,202606240200,TY,124.5,21.1,1068.2
3248485,米克拉,2607,202606240300,TY,124.5,21.2,1058.1
3248485,米克拉,2607,202606240400,TY,124.5,21.3,1048.1
3248485,米克拉,2607,202606240500,TY,124.5,21.4,1038.0
3248485,米克拉,2607,202606240600,TY,124.5,21.4,1038.0
3248485,米克拉,2607,202606240700,TY,124.5,21.5,1027.9
3248485,米克拉,2607,202606240800,TY,124.5,21.6,1017.9
3248485,米克拉,2607,202606240900,TY,124.6,21.7,1012.2
3248485,米克拉,2607,202606241000,TY,124.6,21.8,1002.2
3248485,米克拉,2607,202606241100,TY,124.6,21.9,992.3
3248485,米克拉,2607,202606241200,TY,124.6,21.9,992.3
3248485,米克拉,2607,202606241300,TY,124.7,22.1,977.1
3248485,米克拉,2607,202606241400,TY,124.7,22.2,967.3
3248485,米克拉,2607,202606241500,TY,124.7,22.3,957.5
3248485,米克拉,2607,202606241600,TY,124.7,22.5,938.1
3248485,米克拉,2607,202606241700,STS,124.7,22.8,909.2
3248485,米克拉,2607,202606241800,STS,124.7,22.8,909.2
3248485,米克拉,2607,202606241900,STS,124.8,22.8,914.1
3248485,米克拉,2607,202606242000,STS,124.9,22.9,909.6
3248485,米克拉,2607,202606242100,STS,124.9,23.1,890.8
3248485,米克拉,2607,202606242200,STS,125,23.2,886.7
3248485,米克拉,2607,202606242300,STS,125,23.4,868.3
3248485,米克拉,2607,202606250000,STS,125,23.4,868.3
3248485,米克拉,2607,202606250100,STS,125.1,23.4,873.7
3248485,米克拉,2607,202606250200,STS,125.2,23.5,870.2
3248485,米克拉,2607,202606250300,STS,125.3,23.6,866.9
3248485,米克拉,2607,202606250400,STS,125.4,23.7,863.9
3248485,米克拉,2607,202606250500,STS,125.5,23.8,861.1
3248485,米克拉,2607,202606250600,STS,125.7,24,856.2
3248485,米克拉,2607,202606250700,STS,125.9,24.2,852.2
3248485,米克拉,2607,202606250800,STS,125.9,24.4,836.0
3248485,米克拉,2607,202606250900,STS,125.9,24.6,820.0
3248485,米克拉,2607,202606251000,STS,126,24.8,811.2
3248485,米克拉,2607,202606251100,STS,126.1,24.8,818.2
3248485,米克拉,2607,202606251200,STS,126.3,24.9,824.8
3248485,米克拉,2607,202606251300,STS,126.4,25.1,817.4
3248485,米克拉,2607,202606251400,STS,126.5,25.3,810.7
3248485,米克拉,2607,202606251500,STS,126.5,25.6,790.3
3248485,米克拉,2607,202606251600,STS,126.5,25.9,770.8
3248485,米克拉,2607,202606251700,STS,126.6,26.3,754.5
3248485,米克拉,2607,202606251800,STS,126.6,26.6,737.5
3248485,米克拉,2607,202606251900,STS,126.8,26.8,743.9
3248485,米克拉,2607,202606252000,STS,126.9,26.9,747.5
3248485,米克拉,2607,202606252100,STS,127,27,751.4
3248485,米克拉,2607,202606260000,STS,127,27.4,733.7
3248485,米克拉,2607,202606260300,STS,127.5,27.6,771.0
3248485,米克拉,2607,202606260600,TS,127.9,28,794.7
3248485,米克拉,2607,202606260900,TS,128.4,28.2,836.1
3248485,米克拉,2607,202606261200,TS,129,28.4,888.1
3248485,米克拉,2607,202606261500,TS,130,28.9,975.2
3248485,米克拉,2607,202606261800,TS,131.1,29.4,1076.4
3248485,米克拉,2607,202606262100,TS,132.1,30.3,1172.4
3248485,米克拉,2607,202606270000,TS,133.6,31.7,1331.4
3248485,米克拉,2607,202606270300,TS,134.6,32.4,1439.7
3248485,米克拉,2607,202606270600,TS,136.6,33.3,1649.1
3248485,米克拉,2607,202606270900,TS,139.2,34.2,1916.1
3246403,热带低压,20260007,202606040900,TD,118.8,19.9,1112.0
3246403,热带低压,20260007,202606041200,TD,119.2,20.5,1042.4
3246403,热带低压,20260007,202606041500,TD,119.2,21.7,909.6
3246403,热带低压,20260007,202606041800,TD,119.9,22,873.6
3246403,热带低压,20260007,202606042100,TD,120.2,22,874.0
3246403,热带低压,20260007,202606050000,TD,120.5,22.5,819.9
3246403,热带低压,20260007,202606050300,TD,120.5,22.6,808.8
3246403,热带低压,20260007,202606050600,TD,120.6,23.5,710.0
3246403,热带低压,20260007,202606050900,TD,122.2,24.6,624.4
3246403,热带低压,20260007,202606051200,TD,122.5,24.8,614.7
3246403,热带低压,20260007,202606051500,TD,122.7,25.1,592.8
3246403,热带低压,20260007,202606051800,TD,122.8,25.6,548.6
3246403,热带低压,20260007,202606052100,TD,122.9,25.8,534.6
3246403,热带低压,20260007,202606060000,TD,122.9,25.8,534.6
3246403,热带低压,20260007,202606060300,TD,123.8,26.2,552.0
3246403,热带低压,20260007,202606060600,TD,124.7,26.7,578.5
3246403,热带低压,20260007,202606060900,TD,125.6,27.4,610.8
3246403,热带低压,20260007,202606061200,TD,126.2,27.9,641.9
3246403,热带低压,20260007,202606061500,TD,127,28.5,697.3
3246403,热带低压,20260007,202606061800,TD,128,29.1,781.5
3246403,热带低压,20260007,202606062100,TD,129.5,30.5,923.8
3240142,蔷薇,2606,202605270000,TS,136.6,8.5,2863.8
3240142,蔷薇,2606,202605270300,TS,137.3,9.7,2794.3
3240142,蔷薇,2606,202605270600,TS,137.2,9.7,2788.5
3240142,蔷薇,2606,202605270900,TS,137.1,9.9,2765.0
3240142,蔷薇,2606,202605271200,TS,136.8,10.1,2729.9
3240142,蔷薇,2606,202605271500,TS,136.8,11,2650.3
3240142,蔷薇,2606,202605271800,TS,136.6,11.3,2612.2
3240142,蔷薇,2606,202605272100,TS,136.3,11.9,2541.9
3240142,蔷薇,2606,202605280000,TS,136.1,12.3,2495.2
3240142,蔷薇,2606,202605280300,TS,135.9,12.7,2448.5
3240142,蔷薇,2606,202605280600,TS,135.9,13,2422.7
3240142,蔷薇,2606,202605280900,TS,135.8,13.1,2408.0
3240142,蔷薇,2606,202605281200,TS,135.8,13.4,2382.4
3240142,蔷薇,2606,202605281500,TS,135.3,13.9,2308.9
3240142,蔷薇,2606,202605281800,TS,134.8,14,2269.7
3240142,蔷薇,2606,202605282100,TS,134.4,14.6,2193.8
3240142,蔷薇,2606,202605290000,TS,134,15,2135.1
3240142,蔷薇,2606,202605290300,TS,133,15.5,2031.5
3240142,蔷薇,2606,202605290600,TS,132.7,15.6,2004.9
3240142,蔷薇,2606,202605290900,TS,132.4,15.9,1960.9
3240142,蔷薇,2606,202605291200,TS,131.7,16.2,1893.6
3240142,蔷薇,2606,202605291500,STS,131.7,16.4,1875.9
3240142,蔷薇,2606,202605291800,STS,131.1,16.8,1805.7
3240142,蔷薇,2606,202605292100,STS,130.6,17.2,1741.5
3240142,蔷薇,2606,202605300000,STS,129.9,17.6,1666.1
3240142,蔷薇,2606,202605300300,STS,129.8,17.7,1651.5
3240142,蔷薇,2606,202605300600,STS,129.6,18,1613.2
3240142,蔷薇,2606,202605300900,STS,129.2,18.4,1554.7
3240142,蔷薇,2606,202605301200,STS,129,19,1489.3
3240142,蔷薇,2606,202605301500,STS,128.6,19.7,1403.8
3240142,蔷薇,2606,202605301800,TY,128.4,20.2,1347.9
3240142,蔷薇,2606,202605302100,TY,128.3,20.4,1324.4
3240142,蔷薇,2606,202605310000,TY,128.2,21,1266.1
3240142,蔷薇,2606,202605310300,TY,128.1,21.5,1217.2
3240142,蔷薇,2606,202605310600,TY,127.8,21.9,1164.7
3240142,蔷薇,2606,202605310900,TY,127.6,22.4,1110.2
3240142,蔷薇,2606,202605311200,TY,127.6,22.6,1093.7
3240142,蔷薇,2606,202605311500,TY,127.5,23,1054.7
3240142,蔷薇,2606,202605311800,TY,127.5,23.4,1023.1
3240142,蔷薇,2606,202605312100,TY,127.2,24,956.1
3240142,蔷薇,2606,202606010000,TY,127.2,24.5,919.2
3240142,蔷薇,2606,202606010300,STS,127.2,25,884.2
3240142,蔷薇,2606,202606010600,STS,127.3,25.3,872.1
3240142,蔷薇,2606,202606010900,STS,127.5,26.2,834.8
3240142,蔷薇,2606,202606011200,STS,127.7,26.6,831.3
3240142,蔷薇,2606,202606011500,STS,128,27.3,827.5
3240142,蔷薇,2606,202606011800,STS,128.2,27.9,825.5
3240142,蔷薇,2606,202606012100,STS,128.9,28.4,878.7
3240142,蔷薇,2606,202606020000,STS,129,29.1,877.2
3240142,蔷薇,2606,202606020300,STS,129.4,29.8,911.6
3240142,蔷薇,2606,202606020600,STS,130.6,30.5,1029.4
3240142,蔷薇,2606,202606020900,STS,131.6,31.2,1132.9
3240142,蔷薇,2606,202606021200,TS,133,32.4,1289.0
3240142,蔷薇,2606,202606021500,TS,134.3,33,1426.1
3240142,蔷薇,2606,202606021800,TS,135,33.4,1502.5
3240142,蔷薇,2606,202606022100,TS,136.5,33.9,1656.5
3240142,蔷薇,2606,202606030000,TS,137.3,34.3,1742.8
3240142,蔷薇,2606,202606030300,TS,139.4,34.7,1949.3
3240142,蔷薇,2606,202606030600,TS,140.8,35.2,2094.1
3236842,黑格比,2605,202605060600,TS,147.3,8.4,3552.5
3236842,黑格比,2605,202605060900,TS,147,8.2,3546.1
3236842,黑格比,2605,202605061200,TS,146.1,7.8,3513.8
3236842,黑格比,2605,202605061500,TS,145.2,7.7,3460.1
3236842,黑格比,2605,202605061800,TS,144.7,7.6,3434.4
3236842,黑格比,2605,202605062100,TS,144.5,7.6,3421.1
3236842,黑格比,2605,202605070000,TS,143.7,7.7,3360.2
3236842,黑格比,2605,202605070300,TS,143.1,7.5,3337.6
3236842,黑格比,2605,202605070600,TS,142.9,7.4,3333.1
3236842,黑格比,2605,202605070900,TS,142.4,7.4,3301.3
3236842,黑格比,2605,202605071200,TS,142.2,7.4,3288.7
3236842,黑格比,2605,202605071500,TS,142,7.7,3251.0
3236842,黑格比,2605,202605071800,TS,141.4,7.8,3205.0
3236842,黑格比,2605,202605072100,TS,140.9,8,3157.1
3236842,黑格比,2605,202605080000,TS,140.1,8.4,3073.9
3236842,黑格比,2605,202605080300,TS,139.6,8.7,3017.7
3236842,黑格比,2605,202605080600,TS,139.5,8.8,3003.0
3236842,黑格比,2605,202605080900,TS,138.9,8.9,2958.4
3236842,黑格比,2605,202605081200,TS,138.9,8.9,2958.4
3236842,黑格比,2605,202605081500,TS,138.5,8.7,2952.4
3236842,黑格比,2605,202605081800,TS,137.9,8.7,2917.8
3236842,黑格比,2605,202605082100,TS,137.3,9,2856.9
3236842,黑格比,2605,202605090000,TS,136.7,9.4,2787.2
3236842,黑格比,2605,202605090300,TS,136.3,9.4,2765.1
3236842,黑格比,2605,202605090600,TS,135.8,9.5,2728.7
3236842,黑格比,2605,202605090900,TS,135.2,9.6,2687.5
3236842,黑格比,2605,202605091200,TS,134.8,9.7,2657.3
3236842,黑格比,2605,202605091500,TS,134.3,9.8,2622.2
3236842,黑格比,2605,202605091800,TS,133.8,9.9,2587.7
3236842,黑格比,2605,202605092100,TS,133.6,10,2568.2
3236842,黑格比,2605,202605100000,TS,133.2,10.2,2529.5
3236842,黑格比,2605,202605100300,TD,132.5,10.4,2476.8
3228006,森拉克,2604,202604092100,TS,150.3,8.4,3771.6
3228006,森拉克,2604,202604100000,TS,150.3,8.4,3771.6
3228006,森拉克,2604,202604100300,TS,150.4,8.3,3786.1
3228006,森拉克,2604,202604100600,TS,150.6,8.1,3815.0
3228006,森拉克,2604,202604100900,TS,150.8,8,3836.9
3228006,森拉克,2604,202604101200,TS,150.9,8.1,3837.4
3228006,森拉克,2604,202604101500,STS,151,8.2,3837.9
3228006,森拉克,2604,202604101800,STS,151,8.3,3831.0
3228006,森拉克,2604,202604102100,STS,151.5,8.5,3855.0
3228006,森拉克,2604,202604110000,TY,151.6,8.5,3862.6
3228006,森拉克,2604,202604110300,TY,151.5,8.6,3848.1
3228006,森拉克,2604,202604110600,TY,151.4,8.7,3833.7
3228006,森拉克,2604,202604110900,TY,151.3,8.8,3819.3
3228006,森拉克,2604,202604111200,TY,151.3,8.9,3812.5
3228006,森拉克,2604,202604111500,TY,151.3,9,3805.8
3228006,森拉克,2604,202604111800,STY,151.4,9.2,3800.0
3228006,森拉克,2604,202604112100,STY,151.3,9.4,3778.9
3228006,森拉克,2604,202604120000,SuperTY,151.2,9.7,3751.3
3228006,森拉克,2604,202604120300,SuperTY,151,10.1,3709.4
3228006,森拉克,2604,202604120600,SuperTY,150.7,10.3,3673.0
3228006,森拉克,2604,202604120900,SuperTY,150.5,10.5,3644.3
3228006,森拉克,2604,202604121200,SuperTY,150.3,11,3596.2
3228006,森拉克,2604,202604121500,SuperTY,149.8,11.3,3537.7
3228006,森拉克,2604,202604121800,SuperTY,149.4,11.6,3487.0
3228006,森拉克,2604,202604122100,SuperTY,149.2,11.9,3452.0
3228006,森拉克,2604,202604130000,SuperTY,148.9,12.1,3415.6
3228006,森拉克,2604,202604130300,SuperTY,148.4,12.4,3357.1
3228006,森拉克,2604,202604130600,SuperTY,148.1,12.6,3320.7
3228006,森拉克,2604,202604130900,SuperTY,147.8,12.8,3284.3
3228006,森拉克,2604,202604131200,SuperTY,147.4,13.1,3233.6
3228006,森拉克,2604,202604131500,SuperTY,147.2,13.3,3205.1
3228006,森拉克,2604,202604131800,SuperTY,147.1,13.6,3178.2
3228006,森拉克,2604,202604132100,SuperTY,146.8,13.9,3135.5
3228006,森拉克,2604,202604140000,SuperTY,146.6,14.2,3100.9
3228006,森拉克,2604,202604140300,SuperTY,146.2,14.5,3050.3
3228006,森拉克,2604,202604140600,SuperTY,146,14.6,3028.2
3228006,森拉克,2604,202604140900,SuperTY,145.9,14.7,3014.0
3228006,森拉克,2604,202604141200,SuperTY,145.9,14.9,3001.6
3228006,森拉克,2604,202604141500,SuperTY,145.7,15.1,2973.3
3228006,森拉克,2604,202604141800,SuperTY,145.4,15.2,2943.1
3228006,森拉克,2604,202604142100,SuperTY,145.4,15.3,2937.0
3228006,森拉克,2604,202604150000,STY,145.3,15.5,2916.8
3228006,森拉克,2604,202604150300,STY,145,15.6,2886.5
3228006,森拉克,2604,202604150600,STY,144.8,15.8,2858.3
3228006,森拉克,2604,202604150900,STY,144.6,16.1,2824.0
3228006,森拉克,2604,202604151200,STY,144.6,16.2,2818.0
3228006,森拉克,2604,202604151500,STY,144.6,16.3,2812.0
3228006,森拉克,2604,202604151800,STY,144.5,16.7,2780.3
3228006,森拉克,2604,202604152100,STY,144.5,17,2763.0
3228006,森拉克,2604,202604160000,STY,144.5,17.1,2757.2
3228006,森拉克,2604,202604160300,STY,144.4,17.5,2726.3
3228006,森拉克,2604,202604160600,TY,144.4,17.7,2715.2
3228006,森拉克,2604,202604160900,TY,144.5,18.1,2701.8
3228006,森拉克,2604,202604161200,TY,144.7,18.3,2708.1
3228006,森拉克,2604,202604161500,TY,144.8,18.6,2701.0
3228006,森拉克,2604,202604161800,TY,144.9,19,2689.3
3228006,森拉克,2604,202604162100,TY,145.4,19.4,2713.1
3228006,森拉克,2604,202604170000,TY,145.4,19.5,2708.4
3228006,森拉克,2604,202604170300,TY,145.5,19.8,2703.2
3228006,森拉克,2604,202604170600,TY,145.7,20,2711.7
3228006,森拉克,2604,202604170900,TY,146,20.3,2724.9
3228006,森拉克,2604,202604171200,TY,146.2,20.6,2729.9
3228006,森拉克,2604,202604171500,TY,146.3,21.1,2718.5
3228006,森拉克,2604,202604171800,TY,146.5,21.3,2728.7
3228006,森拉克,2604,202604172100,TY,146.5,21.5,2721.0
3228006,森拉克,2604,202604180000,STS,146.5,22.2,2695.5
3228006,森拉克,2604,202604180300,STS,146.5,22.8,2675.2
3228006,森拉克,2604,202604180600,STS,146.7,23.3,2677.9
3228006,森拉克,2604,202604180900,STS,147.1,23.9,2697.9
3228006,森拉克,2604,202604181200,STS,147.3,24.2,2708.6
3228006,森拉克,2604,202604181500,STS,147.6,24.4,2731.7
3228006,森拉克,2604,202604181800,STS,148.2,25,2774.3
3228006,森拉克,2604,202604182100,STS,148.8,25.6,2819.0
3228006,森拉克,2604,202604190000,STS,149.5,26.4,2872.2
3228006,森拉克,2604,202604190300,STS,150.1,26.9,2922.7
3228006,森拉克,2604,202604190600,STS,151,27.5,3002.2
3228006,森拉克,2604,202604190900,TS,152.1,27.9,3104.2
3155144,鹦鹉,2603,202603101800,TS,138.1,11.7,2669.6
3155144,鹦鹉,2603,202603102100,TS,138.2,11.7,2675.9
3155144,鹦鹉,2603,202603110000,TS,136.9,10.7,2682.5
3155144,鹦鹉,2603,202603110300,TS,137.2,10.7,2700.2
3155144,鹦鹉,2603,202603110600,TS,137.5,11,2692.1
3155144,鹦鹉,2603,202603110900,TS,137.7,11,2704.2
3155144,鹦鹉,2603,202603111200,TS,138,11.1,2714.1
3155144,鹦鹉,2603,202603111500,TS,138.1,11.1,2720.2
3155144,鹦鹉,2603,202603111800,TS,138.4,11.3,2722.0
3155144,鹦鹉,2603,202603112100,TS,138.5,11.3,2728.3
3153882,西望洋,2602,202602041200,TS,131.7,8.8,2598.7
3153882,西望洋,2602,202602041500,TS,131.2,8.3,2628.6
3153882,西望洋,2602,202602041800,TS,130.7,8,2639.7
3153882,西望洋,2602,202602042100,TS,130.2,8,2621.1
3153882,西望洋,2602,202602050000,TS,129.5,8,2596.5
3153882,西望洋,2602,202602050300,TS,128.8,7.9,2583.8
3153882,西望洋,2602,202602050600,TS,128.1,8.1,2541.2
3153882,西望洋,2602,202602050900,TS,127.7,8.2,2519.0
3153882,西望洋,2602,202602051200,TS,127,8.5,2467.8
3153882,西望洋,2602,202602051500,TS,126.3,9.2,2374.9
3153882,西望洋,2602,202602051800,TS,126,9.5,2335.3
3153882,西望洋,2602,202602052100,TS,125.3,9.7,2297.8
3153882,西望洋,2602,202602060000,TS,124.7,9.3,2329.0
3153882,西望洋,2602,202602060300,TS,124.2,9.3,2320.0
3153882,西望洋,2602,202602060600,TS,124,9.4,2305.7
3153882,西望洋,2602,202602060900,TD,123.6,9.7,2266.6
3150084,洛鞍,2601,202601140000,TD,131.1,9.4,2513.7
3150084,洛鞍,2601,202601140300,TD,131.1,9.4,2513.7
3150084,洛鞍,2601,202601140600,TD,131,9.1,2539.8
3150084,洛鞍,2601,202601140900,TD,130.9,9,2545.9
3150084,洛鞍,2601,202601141200,TD,130.7,9.1,2527.8
3150084,洛鞍,2601,202601141500,TD,130.4,9.3,2495.8
3150084,洛鞍,2601,202601141800,TD,130.2,9.4,2477.9
3150084,洛鞍,2601,202601142100,TD,129.9,9.6,2446.1
3150084,洛鞍,2601,202601150000,TD,129.6,9.6,2434.9
3150084,洛鞍,2601,202601150300,TD,129.5,9.7,2421.0
3150084,洛鞍,2601,202601150600,TS,129.1,10.1,2365.3
3150084,洛鞍,2601,202601150900,TS,128.8,10.4,2323.7
3150084,洛鞍,2601,202601151200,TS,128.8,10.4,2323.7
3150084,洛鞍,2601,202601151500,TS,128.8,10.4,2323.7
3150084,洛鞍,2601,202601151800,TS,128.8,10.4,2323.7
3150084,洛鞍,2601,202601152100,TS,128.8,10.4,2323.7
3150084,洛鞍,2601,202601160000,TS,128.8,11.1,2251.6
3150084,洛鞍,2601,202601160300,TS,128.6,11.6,2193.0
3150084,洛鞍,2601,202601160600,TS,128.4,11.8,2165.1
3150084,洛鞍,2601,202601160900,TS,127.8,12.3,2092.2
3150084,洛鞍,2601,202601161200,TS,127.1,12.3,2068.8
3150084,洛鞍,2601,202601161500,TS,126.7,12.3,2056.3
3150084,洛鞍,2601,202601161800,TS,126.3,12.5,2023.2
3150084,洛鞍,2601,202601162100,TS,125.8,13.1,1945.3
3150084,洛鞍,2601,202601170000,TS,125.4,13.4,1902.5
3150084,洛鞍,2601,202601170300,STS,125.2,13.6,1875.9
3150084,洛鞍,2601,202601170600,STS,125,13.9,1838.6
3150084,洛鞍,2601,202601170900,STS,124.8,14.5,1769.3
3150084,洛鞍,2601,202601171200,STS,124.7,14.6,1756.1
3150084,洛鞍,2601,202601171500,STS,124.5,14.9,1718.9
3150084,洛鞍,2601,202601171800,STS,124.5,15,1708.2
3150084,洛鞍,2601,202601172100,TS,124.7,15,1713.2
3150084,洛鞍,2601,202601180000,TS,125,14.6,1763.8
3150084,洛鞍,2601,202601180300,TS,125.2,14.4,1790.5
3150084,洛鞍,2601,202601180600,TS,125.5,14.6,1777.7
3150084,洛鞍,2601,202601180900,TS,125.6,15.1,1727.9
3150084,洛鞍,2601,202601181200,TS,125.8,15.2,1723.6
3150084,洛鞍,2601,202601181500,TS,125.9,15.8,1664.1
3150084,洛鞍,2601,202601181800,TS,126.2,16.2,1633.0
3150084,洛鞍,2601,202601182100,TS,126.4,16.4,1619.7
3150084,洛鞍,2601,202601190000,TS,126.6,16.6,1606.8
3150084,洛鞍,2601,202601190300,TS,126.8,16.7,1604.5
3150084,洛鞍,2601,202601190600,TS,126.7,16.5,1620.8
3150084,洛鞍,2601,202601190900,TS,126.9,16.6,1618.6
3150084,洛鞍,2601,202601191200,TS,127.2,17,1590.8
3150084,洛鞍,2601,202601191500,TS,127.3,17.2,1575.2
3150084,洛鞍,2601,202601191800,TS,127.5,17.3,1574.1
3150084,洛鞍,2601,202601192100,TS,128.3,17.1,1630.4
3150084,洛鞍,2601,202601200000,TS,129,17.8,1599.1
3150084,洛鞍,2601,202601200300,TS,129.7,18.2,1600.7
3150084,洛鞍,2601,202601200600,TD,130,18.1,1626.8
3150084,洛鞍,2601,202601200900,TD,131.3,17.8,1729.9
3150084,洛鞍,2601,202601201200,TD,131.8,17.4,1794.8
3150084,洛鞍,2601,202601201500,TD,132.2,17.3,1828.0
3150084,洛鞍,2601,202601201800,TD,132.7,17.4,1851.2
3150084,洛鞍,2601,202601202100,TD,133,17.2,1886.9
